Date,Open,High,Low,Close,Volume,Dividends,Stock Splits
2020-02-12 00:00:00+07:00,937.6799927,937.6799927,937.6799927,937.6799927,0,0,0
2020-02-13 00:00:00+07:00,938.2399902,938.2399902,938.2399902,938.2399902,0,0,0
2020-02-14 00:00:00+07:00,937.4500122,937.4500122,937.4500122,937.4500122,0,0,0
2020-02-18 00:00:00+07:00,927.9299927,927.9299927,927.9299927,927.9299927,0,0,0
2020-02-19 00:00:00+07:00,928.7600098,928.7600098,928.7600098,928.7600098,0,0,0
2020-02-20 00:00:00+07:00,938.1300049,938.1300049,938.1300049,938.1300049,0,0,0
2020-02-21 00:00:00+07:00,933.0900269,933.0900269,933.0900269,933.0900269,0,0,0
2020-02-24 00:00:00+07:00,903.3400269,903.3400269,903.3400269,903.3400269,0,0,0
2020-02-25 00:00:00+07:00,909.6699829,909.6699829,909.6699829,909.6699829,0,0,0
2020-02-26 00:00:00+07:00,895.9699707,895.9699707,895.9699707,895.9699707,0,0,0
2020-02-27 00:00:00+07:00,898.4400024,898.4400024,898.4400024,898.4400024,0,0,0
2020-02-28 00:00:00+07:00,882.1900024,882.1900024,882.1900024,882.1900024,0,0,0
2020-03-02 00:00:00+07:00,884.4299927,884.4299927,884.4299927,884.4299927,0,0,0
2020-03-04 00:00:00+07:00,889.3699951,889.3699951,889.3699951,889.3699951,0,0,0
2020-03-05 00:00:00+07:00,893.3099976,893.3099976,893.3099976,893.3099976,0,0,0
2020-03-06 00:00:00+07:00,891.4400024,891.4400024,891.4400024,891.4400024,0,0,0
2020-03-09 00:00:00+07:00,835.4899902,835.4899902,835.4899902,835.4899902,0,0,0
2020-03-10 00:00:00+07:00,837.5,837.5,837.5,837.5,0,0,0
2020-03-11 00:00:00+07:00,811.3499756,811.3499756,811.3499756,811.3499756,0,0,0
2020-03-12 00:00:00+07:00,769.25,769.25,769.25,769.25,0,0,0
2020-03-13 00:00:00+07:00,761.7800293,761.7800293,761.7800293,761.7800293,0,0,0
2020-03-16 00:00:00+07:00,747.8599854,747.8599854,747.8599854,747.8599854,0,0,0
2020-03-17 00:00:00+07:00,745.7800293,745.7800293,745.7800293,745.7800293,0,0,0
2020-03-18 00:00:00+07:00,747.6599731,747.6599731,747.6599731,747.6599731,0,0,0
2020-03-19 00:00:00+07:00,725.9400024,725.9400024,725.9400024,725.9400024,0,0,0
2020-03-20 00:00:00+07:00,709.7299805,709.7299805,709.7299805,709.7299805,0,0,0
2020-03-23 00:00:00+07:00,666.5900269,666.5900269,666.5900269,666.5900269,0,0,0
2020-03-24 00:00:00+07:00,659.210022,659.210022,659.210022,659.210022,0,0,0
2020-03-25 00:00:00+07:00,690.25,690.25,690.25,690.25,0,0,0
2020-03-26 00:00:00+07:00,694.210022,694.210022,694.210022,694.210022,0,0,0
2020-03-27 00:00:00+07:00,696.0599976,696.0599976,696.0599976,696.0599976,0,0,0
2020-03-30 00:00:00+07:00,662.2600098,662.2600098,662.2600098,662.2600098,0,0,0
2020-03-31 00:00:00+07:00,662.5300293,662.5300293,662.5300293,662.5300293,0,0,0
2020-04-01 00:00:00+07:00,680.2299805,680.2299805,680.2299805,680.2299805,0,0,0
2020-04-06 00:00:00+07:00,736.75,736.75,736.75,736.75,0,0,0
2020-04-07 00:00:00+07:00,746.6900024,746.6900024,746.6900024,746.6900024,0,0,0
2020-04-08 00:00:00+07:00,748.0200195,748.0200195,748.0200195,748.0200195,0,0,0
2020-04-09 00:00:00+07:00,760.3300171,760.3300171,760.3300171,760.3300171,0,0,0
2020-04-13 00:00:00+07:00,765.789978,765.789978,765.789978,765.789978,0,0,0
2020-04-14 00:00:00+07:00,767.4099731,767.4099731,767.4099731,767.4099731,0,0,0
2020-04-15 00:00:00+07:00,777.2199707,777.2199707,777.2199707,777.2199707,0,0,0
2020-04-16 00:00:00+07:00,780.7000122,780.7000122,780.7000122,780.7000122,0,0,0
2020-04-17 00:00:00+07:00,789.5999756,789.5999756,789.5999756,789.5999756,0,0,0
2020-04-20 00:00:00+07:00,794.9699707,794.9699707,794.9699707,794.9699707,0,0,0
2020-04-21 00:00:00+07:00,766.8400269,766.8400269,766.8400269,766.8400269,0,0,0
2020-04-22 00:00:00+07:00,768.9199829,768.9199829,768.9199829,768.9199829,0,0,0
2020-04-23 00:00:00+07:00,773.9099731,773.9099731,773.9099731,773.9099731,0,0,0
2020-04-24 00:00:00+07:00,776.6599731,776.6599731,776.6599731,776.6599731,0,0,0
2020-04-27 00:00:00+07:00,770.7700195,770.7700195,770.7700195,770.7700195,0,0,0
2020-04-28 00:00:00+07:00,767.210022,767.210022,767.210022,767.210022,0,0,0
2020-04-29 00:00:00+07:00,769.1099854,769.1099854,769.1099854,769.1099854,0,0,0
2020-05-04 00:00:00+07:00,762.4699707,762.4699707,762.4699707,762.4699707,0,0,0
2020-05-05 00:00:00+07:00,764.1599731,764.1599731,764.1599731,764.1599731,0,0,0
2020-05-06 00:00:00+07:00,782.5900269,782.5900269,782.5900269,782.5900269,0,0,0
2020-05-07 00:00:00+07:00,796.539978,796.539978,796.539978,796.539978,0,0,0
2020-05-08 00:00:00+07:00,813.7299805,813.7299805,813.7299805,813.7299805,0,0,0
2020-05-11 00:00:00+07:00,828.3300171,828.3300171,828.3300171,828.3300171,0,0,0
2020-05-12 00:00:00+07:00,835.3200073,835.3200073,835.3200073,835.3200073,0,0,0
2020-05-13 00:00:00+07:00,834.210022,834.210022,834.210022,834.210022,0,0,0
2020-05-14 00:00:00+07:00,832.4000244,832.4000244,832.4000244,832.4000244,0,0,0
2020-05-15 00:00:00+07:00,827.0300293,827.0300293,827.0300293,827.0300293,0,0,0
2020-05-19 00:00:00+07:00,845.9199829,845.9199829,845.9199829,845.9199829,0,0,0
2020-05-21 00:00:00+07:00,862.7299805,862.7299805,862.7299805,862.7299805,0,0,0
2020-05-22 00:00:00+07:00,852.7399902,852.7399902,852.7399902,852.7399902,0,0,0
2020-05-26 00:00:00+07:00,869.1300049,869.1300049,869.1300049,869.1300049,0,0,0
2020-05-27 00:00:00+07:00,857.4799805,857.4799805,857.4799805,857.4799805,0,0,0
2020-05-28 00:00:00+07:00,861.3900146,861.3900146,861.3900146,861.3900146,0,0,0
2020-05-29 00:00:00+07:00,864.4699707,864.4699707,864.4699707,864.4699707,0,0,0
2020-06-01 00:00:00+07:00,878.6699829,878.6699829,878.6699829,878.6699829,0,0,0
2020-06-02 00:00:00+07:00,874.7999878,874.7999878,874.7999878,874.7999878,0,0,0
2020-06-03 00:00:00+07:00,881.1699829,881.1699829,881.1699829,881.1699829,0,0,0
2020-06-04 00:00:00+07:00,883.9000244,883.9000244,883.9000244,883.9000244,0,0,0
2020-06-05 00:00:00+07:00,886.2199707,886.2199707,886.2199707,886.2199707,0,0,0
2020-06-08 00:00:00+07:00,899.9199829,899.9199829,899.9199829,899.9199829,0,0,0
2020-06-09 00:00:00+07:00,899.4299927,899.4299927,899.4299927,899.4299927,0,0,0
2020-06-10 00:00:00+07:00,900,900,900,900,0,0,0
2020-06-11 00:00:00+07:00,867.3699951,867.3699951,867.3699951,867.3699951,0,0,0
2020-06-12 00:00:00+07:00,863.5200195,863.5200195,863.5200195,863.5200195,0,0,0
2020-06-15 00:00:00+07:00,832.4699707,832.4699707,832.4699707,832.4699707,0,0,0
2020-06-16 00:00:00+07:00,856.1300049,856.1300049,856.1300049,856.1300049,0,0,0
2020-06-17 00:00:00+07:00,854.4400024,854.4400024,854.4400024,854.4400024,0,0,0
2020-06-18 00:00:00+07:00,855.2700195,855.2700195,855.2700195,855.2700195,0,0,0
2020-06-19 00:00:00+07:00,868.5599976,868.5599976,868.5599976,868.5599976,0,0,0
2020-06-22 00:00:00+07:00,871.2800293,871.2800293,871.2800293,871.2800293,0,0,0
2020-06-23 00:00:00+07:00,868.2000122,868.2000122,868.2000122,868.2000122,0,0,0
2020-06-24 00:00:00+07:00,859.710022,859.710022,859.710022,859.710022,0,0,0
2020-06-25 00:00:00+07:00,854.5900269,854.5900269,854.5900269,854.5900269,0,0,0
2020-06-26 00:00:00+07:00,851.9799805,851.9799805,851.9799805,851.9799805,0,0,0
2020-06-29 00:00:00+07:00,829.3599854,829.3599854,829.3599854,829.3599854,0,0,0
2020-06-30 00:00:00+07:00,825.1099854,825.1099854,825.1099854,825.1099854,0,0,0
2020-07-01 00:00:00+07:00,843.4899902,843.4899902,843.4899902,843.4899902,0,0,0
2020-07-02 00:00:00+07:00,842.3800049,842.3800049,842.3800049,842.3800049,0,0,0
2020-07-06 00:00:00+07:00,861.1599731,861.1599731,861.1599731,861.1599731,0,0,0
2020-07-07 00:00:00+07:00,863.4199829,863.4199829,863.4199829,863.4199829,0,0,0
2020-07-08 00:00:00+07:00,864.5,864.5,864.5,864.5,0,0,0
2020-07-09 00:00:00+07:00,876.460022,876.460022,876.460022,876.460022,0,0,0
2020-07-10 00:00:00+07:00,871.210022,871.210022,871.210022,871.210022,0,0,0
2020-07-13 00:00:00+07:00,868.7199707,868.7199707,868.7199707,868.7199707,0,0,0
2020-07-14 00:00:00+07:00,868.1099854,868.1099854,868.1099854,868.1099854,0,0,0
2020-07-15 00:00:00+07:00,869.9099731,869.9099731,869.9099731,869.9099731,0,0,0
2020-07-16 00:00:00+07:00,876.8300171,876.8300171,876.8300171,876.8300171,0,0,0
2020-07-17 00:00:00+07:00,872.0200195,872.0200195,872.0200195,872.0200195,0,0,0
2020-07-20 00:00:00+07:00,861.4000244,861.4000244,861.4000244,861.4000244,0,0,0
2020-07-21 00:00:00+07:00,861.6900024,861.6900024,861.6900024,861.6900024,0,0,0
2020-07-22 00:00:00+07:00,855.0800171,855.0800171,855.0800171,855.0800171,0,0,0
2020-07-23 00:00:00+07:00,856.75,856.75,856.75,856.75,0,0,0
2020-07-27 00:00:00+07:00,785.1699829,785.1699829,785.1699829,785.1699829,0,0,0
2020-07-28 00:00:00+07:00,813.3599854,813.3599854,813.3599854,813.3599854,0,0,0
2020-07-29 00:00:00+07:00,790.8400269,790.8400269,790.8400269,790.8400269,0,0,0
2020-07-30 00:00:00+07:00,801.1300049,801.1300049,801.1300049,801.1300049,0,0,0
2020-07-31 00:00:00+07:00,798.3900146,798.3900146,798.3900146,798.3900146,0,0,0
2020-08-03 00:00:00+07:00,814.6500244,814.6500244,814.6500244,814.6500244,0,0,0
2020-08-04 00:00:00+07:00,827.5700073,827.5700073,827.5700073,827.5700073,0,0,0
2020-08-05 00:00:00+07:00,837.7999878,837.7999878,837.7999878,837.7999878,0,0,0
2020-08-06 00:00:00+07:00,840.039978,840.039978,840.039978,840.039978,0,0,0
2020-08-07 00:00:00+07:00,841.460022,841.460022,841.460022,841.460022,0,0,0
2020-08-10 00:00:00+07:00,843.2000122,843.2000122,843.2000122,843.2000122,0,0,0
2020-08-11 00:00:00+07:00,843.0800171,843.0800171,843.0800171,843.0800171,0,0,0
2020-08-12 00:00:00+07:00,846.9199829,846.9199829,846.9199829,846.9199829,0,0,0
2020-08-13 00:00:00+07:00,855.0499878,855.0499878,855.0499878,855.0499878,0,0,0
2020-08-14 00:00:00+07:00,850.7399902,850.7399902,850.7399902,850.7399902,0,0,0
2020-08-17 00:00:00+07:00,850.1500244,850.1500244,850.1500244,850.1500244,0,0,0
2020-08-18 00:00:00+07:00,846.4299927,846.4299927,846.4299927,846.4299927,0,0,0
2020-08-19 00:00:00+07:00,851.210022,851.210022,851.210022,851.210022,0,0,0
2020-08-20 00:00:00+07:00,848.210022,848.210022,848.210022,848.210022,0,0,0
2020-08-21 00:00:00+07:00,854.7800293,854.7800293,854.7800293,854.7800293,0,0,0
2020-08-24 00:00:00+07:00,868.6799927,868.6799927,868.6799927,868.6799927,0,0,0
2020-08-25 00:00:00+07:00,874.1199951,874.1199951,874.1199951,874.1199951,0,0,0
2020-08-26 00:00:00+07:00,873.4699707,873.4699707,873.4699707,873.4699707,0,0,0
2020-08-27 00:00:00+07:00,874.710022,874.710022,874.710022,874.710022,0,0,0
2020-08-28 00:00:00+07:00,878.9799805,878.9799805,878.9799805,878.9799805,0,0,0
2020-08-31 00:00:00+07:00,881.6500244,881.6500244,881.6500244,881.6500244,0,0,0
2020-09-01 00:00:00+07:00,891.7299805,891.7299805,891.7299805,891.7299805,0,0,0
2020-09-03 00:00:00+07:00,903.9699707,903.9699707,903.9699707,903.9699707,0,0,0
2020-09-04 00:00:00+07:00,901.539978,901.539978,901.539978,901.539978,0,0,0
2020-09-08 00:00:00+07:00,890.1400146,890.1400146,890.1400146,890.1400146,0,0,0
2020-09-09 00:00:00+07:00,889.3200073,889.3200073,889.3200073,889.3200073,0,0,0
2020-09-10 00:00:00+07:00,888.8200073,888.8200073,888.8200073,888.8200073,0,0,0
2020-09-11 00:00:00+07:00,888.9699707,888.9699707,888.9699707,888.9699707,0,0,0
2020-09-14 00:00:00+07:00,894.5700073,894.5700073,894.5700073,894.5700073,0,0,0
2020-09-15 00:00:00+07:00,896.2600098,896.2600098,896.2600098,896.2600098,0,0,0
2020-09-16 00:00:00+07:00,897.4699707,897.4699707,897.4699707,897.4699707,0,0,0
2020-09-17 00:00:00+07:00,894.039978,894.039978,894.039978,894.039978,0,0,0
2020-09-18 00:00:00+07:00,900.9500122,900.9500122,900.9500122,900.9500122,0,0,0
2020-09-21 00:00:00+07:00,907.9400024,907.9400024,907.9400024,907.9400024,0,0,0
2020-09-22 00:00:00+07:00,906.1900024,906.1900024,906.1900024,906.1900024,0,0,0
2020-09-23 00:00:00+07:00,912.5,912.5,912.5,912.5,0,0,0
2020-09-24 00:00:00+07:00,908.5800171,908.5800171,908.5800171,908.5800171,0,0,0
2020-09-25 00:00:00+07:00,908.2700195,908.2700195,908.2700195,908.2700195,0,0,0
2020-09-28 00:00:00+07:00,912.5,912.5,912.5,912.5,0,0,0
2020-09-29 00:00:00+07:00,903.9799805,903.9799805,903.9799805,903.9799805,0,0,0
2020-09-30 00:00:00+07:00,905.210022,905.210022,905.210022,905.210022,0,0,0
2020-10-01 00:00:00+07:00,914.0900269,914.0900269,914.0900269,914.0900269,0,0,0
2020-10-02 00:00:00+07:00,909.9099731,909.9099731,909.9099731,909.9099731,0,0,0
2020-10-05 00:00:00+07:00,914.6799927,914.6799927,914.6799927,914.6799927,0,0,0
2020-10-06 00:00:00+07:00,915.6699829,915.6699829,915.6699829,915.6699829,0,0,0
2020-10-07 00:00:00+07:00,919.7199707,919.7199707,919.7199707,919.7199707,0,0,0
2020-10-08 00:00:00+07:00,918.8400269,918.8400269,918.8400269,918.8400269,0,0,0
2020-10-09 00:00:00+07:00,924,924,924,924,0,0,0
2020-10-12 00:00:00+07:00,925.8300171,925.8300171,925.8300171,925.8300171,0,0,0
2020-10-13 00:00:00+07:00,929.8599854,929.8599854,929.8599854,929.8599854,0,0,0
2020-10-14 00:00:00+07:00,940.1799927,940.1799927,940.1799927,940.1799927,0,0,0
2020-10-15 00:00:00+07:00,942.7600098,942.7600098,942.7600098,942.7600098,0,0,0
2020-10-16 00:00:00+07:00,943.2999878,943.2999878,943.2999878,943.2999878,0,0,0
2020-10-19 00:00:00+07:00,943.6900024,943.6900024,943.6900024,943.6900024,0,0,0
2020-10-20 00:00:00+07:00,944.4199829,944.4199829,944.4199829,944.4199829,0,0,0
2020-10-21 00:00:00+07:00,939.0300293,939.0300293,939.0300293,939.0300293,0,0,0
2020-10-22 00:00:00+07:00,949.9000244,949.9000244,949.9000244,949.9000244,0,0,0
2020-10-23 00:00:00+07:00,961.2600098,961.2600098,961.2600098,961.2600098,0,0,0
2020-10-26 00:00:00+07:00,950.7999878,950.7999878,950.7999878,950.7999878,0,0,0
2020-10-27 00:00:00+07:00,946.4699707,946.4699707,946.4699707,946.4699707,0,0,0
2020-10-28 00:00:00+07:00,921.0499878,921.0499878,921.0499878,921.0499878,0,0,0
2020-10-29 00:00:00+07:00,919.0800171,919.0800171,919.0800171,919.0800171,0,0,0
2020-10-30 00:00:00+07:00,925.4699707,925.4699707,925.4699707,925.4699707,0,0,0
2020-11-02 00:00:00+07:00,933.6799927,933.6799927,933.6799927,933.6799927,0,0,0
2020-11-03 00:00:00+07:00,935.4099731,935.4099731,935.4099731,935.4099731,0,0,0
2020-11-04 00:00:00+07:00,939.7600098,939.7600098,939.7600098,939.7600098,0,0,0
2020-11-05 00:00:00+07:00,937.75,937.75,937.75,937.75,0,0,0
2020-11-06 00:00:00+07:00,938.289978,938.289978,938.289978,938.289978,0,0,0
2020-11-09 00:00:00+07:00,951.9899902,951.9899902,951.9899902,951.9899902,0,0,0
2020-11-10 00:00:00+07:00,951.9000244,951.9000244,951.9000244,951.9000244,0,0,0
2020-11-11 00:00:00+07:00,952.2199707,952.2199707,952.2199707,952.2199707,0,0,0
2020-11-12 00:00:00+07:00,959.2800293,959.2800293,959.2800293,959.2800293,0,0,0
2020-11-13 00:00:00+07:00,966.289978,966.289978,966.289978,966.289978,0,0,0
2020-11-16 00:00:00+07:00,950.789978,950.789978,950.789978,950.789978,0,0,0
2020-11-17 00:00:00+07:00,968.9000244,968.9000244,968.9000244,968.9000244,0,0,0
2020-11-18 00:00:00+07:00,973.5300293,973.5300293,973.5300293,973.5300293,0,0,0
2020-11-19 00:00:00+07:00,983.2600098,983.2600098,983.2600098,983.2600098,0,0,0
2020-11-20 00:00:00+07:00,990,990,990,990,0,0,0
2020-11-23 00:00:00+07:00,994.1900024,994.1900024,994.1900024,994.1900024,0,0,0
2020-11-24 00:00:00+07:00,995.7600098,995.7600098,995.7600098,995.7600098,0,0,0
2020-11-25 00:00:00+07:00,999.9400024,999.9400024,999.9400024,999.9400024,0,0,0
2020-11-27 00:00:00+07:00,1010.219971,1010.219971,1010.219971,1010.219971,0,0,0
2020-11-30 00:00:00+07:00,1003.080017,1003.080017,1003.080017,1003.080017,0,0,0
2020-12-01 00:00:00+07:00,1008.869995,1008.869995,1008.869995,1008.869995,0,0,0
2020-12-02 00:00:00+07:00,1014.320007,1014.320007,1014.320007,1014.320007,0,0,0
2020-12-03 00:00:00+07:00,1019.799988,1019.799988,1019.799988,1019.799988,0,0,0
2020-12-04 00:00:00+07:00,1021.48999,1021.48999,1021.48999,1021.48999,0,0,0
2020-12-07 00:00:00+07:00,1029.97998,1029.97998,1029.97998,1029.97998,0,0,0
2020-12-08 00:00:00+07:00,1029.26001,1029.26001,1029.26001,1029.26001,0,0,0
2020-12-09 00:00:00+07:00,1039.130005,1039.130005,1039.130005,1039.130005,0,0,0
2020-12-10 00:00:00+07:00,1030.910034,1030.910034,1030.910034,1030.910034,0,0,0
2020-12-11 00:00:00+07:00,1045.959961,1045.959961,1045.959961,1045.959961,0,0,0
2020-12-14 00:00:00+07:00,1064.089966,1064.089966,1064.089966,1064.089966,0,0,0
2020-12-15 00:00:00+07:00,1055.27002,1055.27002,1055.27002,1055.27002,0,0,0
2020-12-16 00:00:00+07:00,1066.98999,1066.98999,1066.98999,1066.98999,0,0,0
2020-12-17 00:00:00+07:00,1051.77002,1051.77002,1051.77002,1051.77002,0,0,0
2020-12-18 00:00:00+07:00,1067.459961,1067.459961,1067.459961,1067.459961,0,0,0
2020-12-21 00:00:00+07:00,1081.079956,1081.079956,1081.079956,1081.079956,0,0,0
2020-12-22 00:00:00+07:00,1083.449951,1083.449951,1083.449951,1083.449951,0,0,0
2020-12-23 00:00:00+07:00,1078.900024,1078.900024,1078.900024,1078.900024,0,0,0
2020-12-24 00:00:00+07:00,1067.52002,1067.52002,1067.52002,1067.52002,0,0,0
2020-12-28 00:00:00+07:00,1091.329956,1091.329956,1091.329956,1091.329956,0,0,0
2020-12-29 00:00:00+07:00,1099.48999,1099.48999,1099.48999,1099.48999,0,0,0
2020-12-30 00:00:00+07:00,1097.540039,1097.540039,1097.540039,1097.540039,0,0,0
2020-12-31 00:00:00+07:00,1103.869995,1103.869995,1103.869995,1103.869995,0,0,0
2021-01-04 00:00:00+07:00,1120.469971,1120.469971,1120.469971,1120.469971,0,0,0
2021-01-05 00:00:00+07:00,1132.550049,1132.550049,1132.550049,1132.550049,0,0,0
2021-01-06 00:00:00+07:00,1143.209961,1143.209961,1143.209961,1143.209961,0,0,0
2021-01-07 00:00:00+07:00,1156.48999,1156.48999,1156.48999,1156.48999,0,0,0
2021-01-08 00:00:00+07:00,1167.689941,1167.689941,1167.689941,1167.689941,0,0,0
2021-01-11 00:00:00+07:00,1184.890015,1184.890015,1184.890015,1184.890015,0,0,0
2021-01-12 00:00:00+07:00,1192.280029,1192.280029,1192.280029,1192.280029,0,0,0
2021-01-13 00:00:00+07:00,1186.050049,1186.050049,1186.050049,1186.050049,0,0,0
2021-01-14 00:00:00+07:00,1187.400024,1187.400024,1187.400024,1187.400024,0,0,0
2021-01-15 00:00:00+07:00,1194.199951,1194.199951,1194.199951,1194.199951,0,0,0
2021-01-19 00:00:00+07:00,1131,1131,1131,1131,0,0,0
2021-01-20 00:00:00+07:00,1134.680054,1134.680054,1134.680054,1134.680054,0,0,0
2021-01-21 00:00:00+07:00,1164.209961,1164.209961,1164.209961,1164.209961,0,0,0
2021-01-22 00:00:00+07:00,1166.780029,1166.780029,1166.780029,1166.780029,0,0,0
2021-01-25 00:00:00+07:00,1166.050049,1166.050049,1166.050049,1166.050049,0,0,0
2021-01-26 00:00:00+07:00,1136.119995,1136.119995,1136.119995,1136.119995,0,0,0
2021-01-27 00:00:00+07:00,1097.170044,1097.170044,1097.170044,1097.170044,0,0,0
2021-01-28 00:00:00+07:00,1023.940002,1023.940002,1023.940002,1023.940002,0,0,0
2021-01-29 00:00:00+07:00,1056.609985,1056.609985,1056.609985,1056.609985,0,0,0
2021-02-01 00:00:00+07:00,1035.51001,1035.51001,1035.51001,1035.51001,0,0,0
2021-02-02 00:00:00+07:00,1075.530029,1075.530029,1075.530029,1075.530029,0,0,0
2021-02-03 00:00:00+07:00,1111.290039,1111.290039,1111.290039,1111.290039,0,0,0
2021-02-04 00:00:00+07:00,1112.189941,1112.189941,1112.189941,1112.189941,0,0,0
2021-02-05 00:00:00+07:00,1126.910034,1126.910034,1126.910034,1126.910034,0,0,0
2021-02-08 00:00:00+07:00,1083.180054,1083.180054,1083.180054,1083.180054,0,0,0
2021-02-09 00:00:00+07:00,1114.930054,1114.930054,1114.930054,1114.930054,0,0,0
2021-02-17 00:00:00+07:00,1155.780029,1155.780029,1155.780029,1155.780029,0,0,0
2021-02-18 00:00:00+07:00,1174.380005,1174.380005,1174.380005,1174.380005,0,0,0
2021-02-19 00:00:00+07:00,1173.5,1173.5,1173.5,1173.5,0,0,0
2021-02-22 00:00:00+07:00,1175.040039,1175.040039,1175.040039,1175.040039,0,0,0
2021-02-23 00:00:00+07:00,1177.640015,1177.640015,1177.640015,1177.640015,0,0,0
2021-02-24 00:00:00+07:00,1162.01001,1162.01001,1162.01001,1162.01001,0,0,0
2021-02-25 00:00:00+07:00,1165.430054,1165.430054,1165.430054,1165.430054,0,0,0
2021-02-26 00:00:00+07:00,1168.469971,1168.469971,1168.469971,1168.469971,0,0,0
2021-03-01 00:00:00+07:00,1186.170044,1186.170044,1186.170044,1186.170044,0,0,0
2021-03-02 00:00:00+07:00,1186.609985,1186.609985,1186.609985,1186.609985,0,0,0
2021-03-03 00:00:00+07:00,1186.949951,1186.949951,1186.949951,1186.949951,0,0,0
2021-03-04 00:00:00+07:00,1168.52002,1168.52002,1168.52002,1168.52002,0,0,0
2021-03-05 00:00:00+07:00,1168.689941,1168.689941,1168.689941,1168.689941,0,0,0
2021-03-08 00:00:00+07:00,1168.27002,1168.27002,1168.27002,1168.27002,0,0,0
2021-03-09 00:00:00+07:00,1161.969971,1161.969971,1161.969971,1161.969971,0,0,0
2021-03-10 00:00:00+07:00,1170.079956,1170.079956,1170.079956,1170.079956,0,0,0
2021-03-11 00:00:00+07:00,1181.72998,1181.72998,1181.72998,1181.72998,0,0,0
2021-03-12 00:00:00+07:00,1181.560059,1181.560059,1181.560059,1181.560059,0,0,0
2021-03-16 00:00:00+07:00,1179.900024,1179.900024,1179.900024,1179.900024,0,0,0
2021-03-17 00:00:00+07:00,1186.089966,1186.089966,1186.089966,1186.089966,0,0,0
2021-03-18 00:00:00+07:00,1200.939941,1200.939941,1200.939941,1200.939941,0,0,0
2021-03-19 00:00:00+07:00,1194.050049,1194.050049,1194.050049,1194.050049,0,0,0
2021-03-22 00:00:00+07:00,1194.430054,1194.430054,1194.430054,1194.430054,0,0,0
2021-03-23 00:00:00+07:00,1183.449951,1183.449951,1183.449951,1183.449951,0,0,0
2021-03-24 00:00:00+07:00,1161.810059,1161.810059,1161.810059,1161.810059,0,0,0
2021-03-25 00:00:00+07:00,1163.099976,1163.099976,1163.099976,1163.099976,0,0,0
2021-03-26 00:00:00+07:00,1162.209961,1162.209961,1162.209961,1162.209961,0,0,0
2021-03-29 00:00:00+07:00,1175.680054,1175.680054,1175.680054,1175.680054,0,0,0
2021-03-30 00:00:00+07:00,1186.359985,1186.359985,1186.359985,1186.359985,0,0,0
2021-03-31 00:00:00+07:00,1191.439941,1191.439941,1191.439941,1191.439941,0,0,0
2021-04-05 00:00:00+07:00,1236.050049,1236.050049,1236.050049,1236.050049,0,0,0
2021-04-06 00:00:00+07:00,1239.959961,1239.959961,1239.959961,1239.959961,0,0,0
2021-04-07 00:00:00+07:00,1242.380005,1242.380005,1242.380005,1242.380005,0,0,0
2021-04-08 00:00:00+07:00,1234.890015,1234.890015,1234.890015,1234.890015,0,0,0
2021-04-09 00:00:00+07:00,1231.660034,1231.660034,1231.660034,1231.660034,0,0,0
2021-04-12 00:00:00+07:00,1252.449951,1252.449951,1252.449951,1252.449951,0,0,0
2021-04-13 00:00:00+07:00,1248.329956,1248.329956,1248.329956,1248.329956,0,0,0
2021-04-14 00:00:00+07:00,1255.869995,1255.869995,1255.869995,1255.869995,0,0,0
2021-04-15 00:00:00+07:00,1247.25,1247.25,1247.25,1247.25,0,0,0
2021-04-16 00:00:00+07:00,1238.709961,1238.709961,1238.709961,1238.709961,0,0,0
2021-04-19 00:00:00+07:00,1260.579956,1260.579956,1260.579956,1260.579956,0,0,0
2021-04-20 00:00:00+07:00,1268.280029,1268.280029,1268.280029,1268.280029,0,0,0
2021-04-22 00:00:00+07:00,1227.819946,1227.819946,1227.819946,1227.819946,0,0,0
2021-04-23 00:00:00+07:00,1248.530029,1248.530029,1248.530029,1248.530029,0,0,0
2021-04-26 00:00:00+07:00,1215.77002,1215.77002,1215.77002,1215.77002,0,0,0
2021-04-27 00:00:00+07:00,1219.75,1219.75,1219.75,1219.75,0,0,0
2021-04-28 00:00:00+07:00,1229.550049,1229.550049,1229.550049,1229.550049,0,0,0
2021-04-29 00:00:00+07:00,1239.390015,1239.390015,1239.390015,1239.390015,0,0,0
2021-05-04 00:00:00+07:00,1242.199951,1242.199951,1242.199951,1242.199951,0,0,0
2021-05-05 00:00:00+07:00,1256.430054,1256.430054,1256.430054,1256.430054,0,0,0
2021-05-06 00:00:00+07:00,1250.569946,1250.569946,1250.569946,1250.569946,0,0,0
2021-05-07 00:00:00+07:00,1241.810059,1241.810059,1241.810059,1241.810059,0,0,0
2021-05-10 00:00:00+07:00,1259.579956,1259.579956,1259.579956,1259.579956,0,0,0
2021-05-11 00:00:00+07:00,1256.040039,1256.040039,1256.040039,1256.040039,0,0,0
2021-05-12 00:00:00+07:00,1269.089966,1269.089966,1269.089966,1269.089966,0,0,0
2021-05-13 00:00:00+07:00,1261.98999,1261.98999,1261.98999,1261.98999,0,0,0
2021-05-14 00:00:00+07:00,1266.359985,1266.359985,1266.359985,1266.359985,0,0,0
2021-05-17 00:00:00+07:00,1258.699951,1258.699951,1258.699951,1258.699951,0,0,0
2021-05-18 00:00:00+07:00,1252.680054,1252.680054,1252.680054,1252.680054,0,0,0
2021-05-19 00:00:00+07:00,1262.48999,1262.48999,1262.48999,1262.48999,0,0,0
2021-05-20 00:00:00+07:00,1278.219971,1278.219971,1278.219971,1278.219971,0,0,0
2021-05-21 00:00:00+07:00,1283.930054,1283.930054,1283.930054,1283.930054,0,0,0
2021-05-24 00:00:00+07:00,1297.97998,1297.97998,1297.97998,1297.97998,0,0,0
2021-05-25 00:00:00+07:00,1308.579956,1308.579956,1308.579956,1308.579956,0,0,0
2021-05-26 00:00:00+07:00,1316.699951,1316.699951,1316.699951,1316.699951,0,0,0
2021-05-27 00:00:00+07:00,1303.569946,1303.569946,1303.569946,1303.569946,0,0,0
2021-05-28 00:00:00+07:00,1320.459961,1320.459961,1320.459961,1320.459961,0,0,0
2021-06-01 00:00:00+07:00,1337.780029,1337.780029,1337.780029,1337.780029,0,0,0
2021-06-02 00:00:00+07:00,1340.780029,1340.780029,1340.780029,1340.780029,0,0,0
2021-06-03 00:00:00+07:00,1364.280029,1364.280029,1364.280029,1364.280029,0,0,0
2021-06-04 00:00:00+07:00,1374.050049,1374.050049,1374.050049,1374.050049,0,0,0
2021-06-07 00:00:00+07:00,1358.780029,1358.780029,1358.780029,1358.780029,0,0,0
2021-06-08 00:00:00+07:00,1319.880005,1319.880005,1319.880005,1319.880005,0,0,0
2021-06-09 00:00:00+07:00,1332.900024,1332.900024,1332.900024,1332.900024,0,0,0
2021-06-10 00:00:00+07:00,1323.579956,1323.579956,1323.579956,1323.579956,0,0,0
2021-06-11 00:00:00+07:00,1351.73999,1351.73999,1351.73999,1351.73999,0,0,0
2021-06-14 00:00:00+07:00,1361.719971,1361.719971,1361.719971,1361.719971,0,0,0
2021-06-15 00:00:00+07:00,1367.359985,1367.359985,1367.359985,1367.359985,0,0,0
2021-06-16 00:00:00+07:00,1356.52002,1356.52002,1356.52002,1356.52002,0,0,0
2021-06-17 00:00:00+07:00,1359.920044,1359.920044,1359.920044,1359.920044,0,0,0
2021-06-18 00:00:00+07:00,1377.77002,1377.77002,1377.77002,1377.77002,0,0,0
2021-06-21 00:00:00+07:00,1372.630005,1372.630005,1372.630005,1372.630005,0,0,0
2021-06-22 00:00:00+07:00,1379.969971,1379.969971,1379.969971,1379.969971,0,0,0
2021-06-23 00:00:00+07:00,1376.869995,1376.869995,1376.869995,1376.869995,0,0,0
2021-06-24 00:00:00+07:00,1379.719971,1379.719971,1379.719971,1379.719971,0,0,0
2021-06-25 00:00:00+07:00,1390.119995,1390.119995,1390.119995,1390.119995,0,0,0
2021-06-28 00:00:00+07:00,1405.810059,1405.810059,1405.810059,1405.810059,0,0,0
2021-06-29 00:00:00+07:00,1410.040039,1410.040039,1410.040039,1410.040039,0,0,0
2021-06-30 00:00:00+07:00,1408.550049,1408.550049,1408.550049,1408.550049,0,0,0
2021-07-01 00:00:00+07:00,1417.079956,1417.079956,1417.079956,1417.079956,0,0,0
2021-07-02 00:00:00+07:00,1420.27002,1420.27002,1420.27002,1420.27002,0,0,0
2021-07-06 00:00:00+07:00,1354.790039,1354.790039,1354.790039,1354.790039,0,0,0
2021-07-07 00:00:00+07:00,1388.550049,1388.550049,1388.550049,1388.550049,0,0,0
2021-07-08 00:00:00+07:00,1374.680054,1374.680054,1374.680054,1374.680054,0,0,0
2021-07-09 00:00:00+07:00,1347.140015,1347.140015,1347.140015,1347.140015,0,0,0
2021-07-12 00:00:00+07:00,1296.300049,1296.300049,1296.300049,1296.300049,0,0,0
2021-07-13 00:00:00+07:00,1297.540039,1297.540039,1297.540039,1297.540039,0,0,0
2021-07-14 00:00:00+07:00,1279.910034,1279.910034,1279.910034,1279.910034,0,0,0
2021-07-15 00:00:00+07:00,1293.920044,1293.920044,1293.920044,1293.920044,0,0,0
2021-07-16 00:00:00+07:00,1299.310059,1299.310059,1299.310059,1299.310059,0,0,0
2021-07-19 00:00:00+07:00,1243.51001,1243.51001,1243.51001,1243.51001,0,0,0
2021-07-20 00:00:00+07:00,1273.290039,1273.290039,1273.290039,1273.290039,0,0,0
2021-07-21 00:00:00+07:00,1270.790039,1270.790039,1270.790039,1270.790039,0,0,0
2021-07-22 00:00:00+07:00,1293.670044,1293.670044,1293.670044,1293.670044,0,0,0
2021-07-23 00:00:00+07:00,1268.829956,1268.829956,1268.829956,1268.829956,0,0,0
2021-07-26 00:00:00+07:00,1272.709961,1272.709961,1272.709961,1272.709961,0,0,0
2021-07-27 00:00:00+07:00,1276.930054,1276.930054,1276.930054,1276.930054,0,0,0
2021-07-28 00:00:00+07:00,1277.069946,1277.069946,1277.069946,1277.069946,0,0,0
2021-07-29 00:00:00+07:00,1293.599976,1293.599976,1293.599976,1293.599976,0,0,0
2021-07-30 00:00:00+07:00,1310.050049,1310.050049,1310.050049,1310.050049,0,0,0
2021-08-02 00:00:00+07:00,1314.219971,1314.219971,1314.219971,1314.219971,0,0,0
2021-08-03 00:00:00+07:00,1332.439941,1332.439941,1332.439941,1332.439941,0,0,0
2021-08-04 00:00:00+07:00,1334.73999,1334.73999,1334.73999,1334.73999,0,0,0
2021-08-05 00:00:00+07:00,1345.550049,1345.550049,1345.550049,1345.550049,0,0,0
2021-08-06 00:00:00+07:00,1341.449951,1341.449951,1341.449951,1341.449951,0,0,0
2021-08-09 00:00:00+07:00,1359.859985,1359.859985,1359.859985,1359.859985,0,0,0
2021-08-10 00:00:00+07:00,1362.430054,1362.430054,1362.430054,1362.430054,0,0,0
2021-08-11 00:00:00+07:00,1357.790039,1357.790039,1357.790039,1357.790039,0,0,0
2021-08-12 00:00:00+07:00,1353.050049,1353.050049,1353.050049,1353.050049,0,0,0
2021-08-16 00:00:00+07:00,1370.959961,1370.959961,1370.959961,1370.959961,0,0,0
2021-08-17 00:00:00+07:00,1363.089966,1363.089966,1363.089966,1363.089966,0,0,0
2021-08-18 00:00:00+07:00,1360.939941,1360.939941,1360.939941,1360.939941,0,0,0
2021-08-19 00:00:00+07:00,1374.849976,1374.849976,1374.849976,1374.849976,0,0,0
2021-08-20 00:00:00+07:00,1329.430054,1329.430054,1329.430054,1329.430054,0,0,0
2021-08-23 00:00:00+07:00,1298.859985,1298.859985,1298.859985,1298.859985,0,0,0
2021-08-24 00:00:00+07:00,1298.73999,1298.73999,1298.73999,1298.73999,0,0,0
2021-08-25 00:00:00+07:00,1309.550049,1309.550049,1309.550049,1309.550049,0,0,0
2021-08-26 00:00:00+07:00,1301.119995,1301.119995,1301.119995,1301.119995,0,0,0
2021-08-27 00:00:00+07:00,1313.199951,1313.199951,1313.199951,1313.199951,0,0,0
2021-08-30 00:00:00+07:00,1328.140015,1328.140015,1328.140015,1328.140015,0,0,0
2021-08-31 00:00:00+07:00,1331.469971,1331.469971,1331.469971,1331.469971,0,0,0
2021-09-01 00:00:00+07:00,1334.650024,1334.650024,1334.650024,1334.650024,0,0,0
2021-09-07 00:00:00+07:00,1341.900024,1341.900024,1341.900024,1341.900024,0,0,0
2021-09-08 00:00:00+07:00,1333.609985,1333.609985,1333.609985,1333.609985,0,0,0
2021-09-09 00:00:00+07:00,1343.97998,1343.97998,1343.97998,1343.97998,0,0,0
2021-09-10 00:00:00+07:00,1345.310059,1345.310059,1345.310059,1345.310059,0,0,0
2021-09-13 00:00:00+07:00,1341.430054,1341.430054,1341.430054,1341.430054,0,0,0
2021-09-14 00:00:00+07:00,1339.699951,1339.699951,1339.699951,1339.699951,0,0,0
2021-09-15 00:00:00+07:00,1345.829956,1345.829956,1345.829956,1345.829956,0,0,0
2021-09-16 00:00:00+07:00,1345.869995,1345.869995,1345.869995,1345.869995,0,0,0
2021-09-17 00:00:00+07:00,1352.640015,1352.640015,1352.640015,1352.640015,0,0,0
2021-09-20 00:00:00+07:00,1350.47998,1350.47998,1350.47998,1350.47998,0,0,0
2021-09-21 00:00:00+07:00,1339.839966,1339.839966,1339.839966,1339.839966,0,0,0
2021-09-22 00:00:00+07:00,1350.680054,1350.680054,1350.680054,1350.680054,0,0,0
2021-09-23 00:00:00+07:00,1352.76001,1352.76001,1352.76001,1352.76001,0,0,0
2021-09-24 00:00:00+07:00,1351.170044,1351.170044,1351.170044,1351.170044,0,0,0
2021-09-27 00:00:00+07:00,1324.98999,1324.98999,1324.98999,1324.98999,0,0,0
2021-09-28 00:00:00+07:00,1339.310059,1339.310059,1339.310059,1339.310059,0,0,0
2021-09-29 00:00:00+07:00,1339.209961,1339.209961,1339.209961,1339.209961,0,0,0
2021-09-30 00:00:00+07:00,1342.060059,1342.060059,1342.060059,1342.060059,0,0,0
2021-10-01 00:00:00+07:00,1334.890015,1334.890015,1334.890015,1334.890015,0,0,0
2021-10-04 00:00:00+07:00,1339.540039,1339.540039,1339.540039,1339.540039,0,0,0
2021-10-05 00:00:00+07:00,1354.630005,1354.630005,1354.630005,1354.630005,0,0,0
2021-10-06 00:00:00+07:00,1362.819946,1362.819946,1362.819946,1362.819946,0,0,0
2021-10-07 00:00:00+07:00,1365.98999,1365.98999,1365.98999,1365.98999,0,0,0
2021-10-08 00:00:00+07:00,1372.72998,1372.72998,1372.72998,1372.72998,0,0,0
2021-10-11 00:00:00+07:00,1394.089966,1394.089966,1394.089966,1394.089966,0,0,0
2021-10-12 00:00:00+07:00,1394.800049,1394.800049,1394.800049,1394.800049,0,0,0
2021-10-13 00:00:00+07:00,1391.910034,1391.910034,1391.910034,1391.910034,0,0,0
2021-10-14 00:00:00+07:00,1391.849976,1391.849976,1391.849976,1391.849976,0,0,0
2021-10-15 00:00:00+07:00,1392.699951,1392.699951,1392.699951,1392.699951,0,0,0
2021-10-18 00:00:00+07:00,1395.530029,1395.530029,1395.530029,1395.530029,0,0,0
2021-10-19 00:00:00+07:00,1395.329956,1395.329956,1395.329956,1395.329956,0,0,0
2021-10-20 00:00:00+07:00,1393.800049,1393.800049,1393.800049,1393.800049,0,0,0
2021-10-21 00:00:00+07:00,1384.77002,1384.77002,1384.77002,1384.77002,0,0,0
2021-10-22 00:00:00+07:00,1389.23999,1389.23999,1389.23999,1389.23999,0,0,0
2021-10-25 00:00:00+07:00,1385.400024,1385.400024,1385.400024,1385.400024,0,0,0
2021-10-26 00:00:00+07:00,1391.630005,1391.630005,1391.630005,1391.630005,0,0,0
2021-10-27 00:00:00+07:00,1423.02002,1423.02002,1423.02002,1423.02002,0,0,0
2021-10-28 00:00:00+07:00,1438.01001,1438.01001,1438.01001,1438.01001,0,0,0
2021-10-29 00:00:00+07:00,1444.27002,1444.27002,1444.27002,1444.27002,0,0,0
2021-11-02 00:00:00+07:00,1452.459961,1452.459961,1452.459961,1452.459961,0,0,0
2021-11-03 00:00:00+07:00,1444.300049,1444.300049,1444.300049,1444.300049,0,0,0
2021-11-04 00:00:00+07:00,1448.339966,1448.339966,1448.339966,1448.339966,0,0,0
2021-11-08 00:00:00+07:00,1467.569946,1467.569946,1467.569946,1467.569946,0,0,0
2021-11-09 00:00:00+07:00,1461.5,1461.5,1461.5,1461.5,0,0,0
2021-11-10 00:00:00+07:00,1465.02002,1465.02002,1465.02002,1465.02002,0,0,0
2021-11-11 00:00:00+07:00,1462.349976,1462.349976,1462.349976,1462.349976,0,0,0
2021-11-12 00:00:00+07:00,1473.369995,1473.369995,1473.369995,1473.369995,0,0,0
2021-11-15 00:00:00+07:00,1476.569946,1476.569946,1476.569946,1476.569946,0,0,0
2021-11-16 00:00:00+07:00,1466.449951,1466.449951,1466.449951,1466.449951,0,0,0
2021-11-17 00:00:00+07:00,1475.849976,1475.849976,1475.849976,1475.849976,0,0,0
2021-11-18 00:00:00+07:00,1469.829956,1469.829956,1469.829956,1469.829956,0,0,0
2021-11-19 00:00:00+07:00,1452.349976,1452.349976,1452.349976,1452.349976,0,0,0
2021-11-22 00:00:00+07:00,1447.25,1447.25,1447.25,1447.25,0,0,0
2021-11-23 00:00:00+07:00,1463.630005,1463.630005,1463.630005,1463.630005,0,0,0
2021-11-24 00:00:00+07:00,1488.869995,1488.869995,1488.869995,1488.869995,0,0,0
2021-11-26 00:00:00+07:00,1493.030029,1493.030029,1493.030029,1493.030029,0,0,0
2021-11-29 00:00:00+07:00,1484.839966,1484.839966,1484.839966,1484.839966,0,0,0
2021-11-30 00:00:00+07:00,1478.439941,1478.439941,1478.439941,1478.439941,0,0,0
2021-12-01 00:00:00+07:00,1485.189941,1485.189941,1485.189941,1485.189941,0,0,0
2021-12-02 00:00:00+07:00,1482.050049,1482.050049,1482.050049,1482.050049,0,0,0
2021-12-03 00:00:00+07:00,1443.319946,1443.319946,1443.319946,1443.319946,0,0,0
2021-12-06 00:00:00+07:00,1413.579956,1413.579956,1413.579956,1413.579956,0,0,0
2021-12-07 00:00:00+07:00,1446.77002,1446.77002,1446.77002,1446.77002,0,0,0
2021-12-08 00:00:00+07:00,1452.869995,1452.869995,1452.869995,1452.869995,0,0,0
2021-12-09 00:00:00+07:00,1467.97998,1467.97998,1467.97998,1467.97998,0,0,0
2021-12-10 00:00:00+07:00,1463.540039,1463.540039,1463.540039,1463.540039,0,0,0
2021-12-13 00:00:00+07:00,1476.209961,1476.209961,1476.209961,1476.209961,0,0,0
2021-12-14 00:00:00+07:00,1476.02002,1476.02002,1476.02002,1476.02002,0,0,0
2021-12-15 00:00:00+07:00,1475.5,1475.5,1475.5,1475.5,0,0,0
2021-12-16 00:00:00+07:00,1476.609985,1476.609985,1476.609985,1476.609985,0,0,0
2021-12-17 00:00:00+07:00,1479.790039,1479.790039,1479.790039,1479.790039,0,0,0
2021-12-20 00:00:00+07:00,1477.329956,1477.329956,1477.329956,1477.329956,0,0,0
2021-12-21 00:00:00+07:00,1478.73999,1478.73999,1478.73999,1478.73999,0,0,0
2021-12-22 00:00:00+07:00,1477.670044,1477.670044,1477.670044,1477.670044,0,0,0
2021-12-23 00:00:00+07:00,1456.959961,1456.959961,1456.959961,1456.959961,0,0,0
2021-12-27 00:00:00+07:00,1488.880005,1488.880005,1488.880005,1488.880005,0,0,0
2021-12-28 00:00:00+07:00,1494.390015,1494.390015,1494.390015,1494.390015,0,0,0
2021-12-29 00:00:00+07:00,1485.819946,1485.819946,1485.819946,1485.819946,0,0,0
2021-12-30 00:00:00+07:00,1485.969971,1485.969971,1485.969971,1485.969971,0,0,0
2021-12-31 00:00:00+07:00,1498.280029,1498.280029,1498.280029,1498.280029,0,0,0
2022-01-04 00:00:00+07:00,1525.579956,1525.579956,1525.579956,1525.579956,0,0,0
2022-01-05 00:00:00+07:00,1522.5,1522.5,1522.5,1522.5,0,0,0
2022-01-07 00:00:00+07:00,1526.75,1526.75,1526.75,1526.75,0,0,0
2022-01-10 00:00:00+07:00,1503.709961,1503.709961,1503.709961,1503.709961,0,0,0
2022-01-11 00:00:00+07:00,1492.310059,1492.310059,1492.310059,1492.310059,0,0,0
2022-01-12 00:00:00+07:00,1510.51001,1510.51001,1510.51001,1510.51001,0,0,0
2022-01-13 00:00:00+07:00,1496.050049,1496.050049,1496.050049,1496.050049,0,0,0
2022-01-18 00:00:00+07:00,1438.939941,1438.939941,1438.939941,1438.939941,0,0,0
2022-01-19 00:00:00+07:00,1442.790039,1442.790039,1442.790039,1442.790039,0,0,0
2022-01-20 00:00:00+07:00,1465.300049,1465.300049,1465.300049,1465.300049,0,0,0
2022-01-24 00:00:00+07:00,1439.709961,1439.709961,1439.709961,1439.709961,0,0,0
2022-01-25 00:00:00+07:00,1479.579956,1479.579956,1479.579956,1479.579956,0,0,0
2022-01-26 00:00:00+07:00,1481.579956,1481.579956,1481.579956,1481.579956,0,0,0
2022-01-28 00:00:00+07:00,1474.469971,1474.469971,1474.469971,1474.469971,0,0,0
2022-02-07 00:00:00+07:00,1497.660034,1497.660034,1497.660034,1497.660034,0,0,0
2022-02-08 00:00:00+07:00,1500.98999,1500.98999,1500.98999,1500.98999,0,0,0
2022-02-09 00:00:00+07:00,1505.380005,1505.380005,1505.380005,1505.380005,0,0,0
2022-02-10 00:00:00+07:00,1506.790039,1506.790039,1506.790039,1506.790039,0,0,0
2022-02-11 00:00:00+07:00,1501.709961,1501.709961,1501.709961,1501.709961,0,0,0
2022-02-14 00:00:00+07:00,1471.959961,1471.959961,1471.959961,1471.959961,0,0,0
2022-02-15 00:00:00+07:00,1492.75,1492.75,1492.75,1492.75,0,0,0
2022-02-16 00:00:00+07:00,1492.099976,1492.099976,1492.099976,1492.099976,0,0,0
2022-02-17 00:00:00+07:00,1507.98999,1507.98999,1507.98999,1507.98999,0,0,0
2022-02-18 00:00:00+07:00,1504.839966,1504.839966,1504.839966,1504.839966,0,0,0
2022-02-22 00:00:00+07:00,1503.469971,1503.469971,1503.469971,1503.469971,0,0,0
2022-02-23 00:00:00+07:00,1512.300049,1512.300049,1512.300049,1512.300049,0,0,0
2022-02-24 00:00:00+07:00,1494.849976,1494.849976,1494.849976,1494.849976,0,0,0
2022-02-25 00:00:00+07:00,1498.890015,1498.890015,1498.890015,1498.890015,0,0,0
2022-02-28 00:00:00+07:00,1490.130005,1490.130005,1490.130005,1490.130005,0,0,0
2022-03-01 00:00:00+07:00,1498.780029,1498.780029,1498.780029,1498.780029,0,0,0
2022-03-02 00:00:00+07:00,1485.52002,1485.52002,1485.52002,1485.52002,0,0,0
2022-03-03 00:00:00+07:00,1505,1505,1505,1505,0,0,0
2022-03-04 00:00:00+07:00,1505.329956,1505.329956,1505.329956,1505.329956,0,0,0
2022-03-07 00:00:00+07:00,1499.050049,1499.050049,1499.050049,1499.050049,0,0,0
2022-03-08 00:00:00+07:00,1473.709961,1473.709961,1473.709961,1473.709961,0,0,0
2022-03-09 00:00:00+07:00,1473.73999,1473.73999,1473.73999,1473.73999,0,0,0
2022-03-10 00:00:00+07:00,1479.079956,1479.079956,1479.079956,1479.079956,0,0,0
2022-03-11 00:00:00+07:00,1466.540039,1466.540039,1466.540039,1466.540039,0,0,0
2022-03-14 00:00:00+07:00,1446.25,1446.25,1446.25,1446.25,0,0,0
2022-03-15 00:00:00+07:00,1452.73999,1452.73999,1452.73999,1452.73999,0,0,0
2022-03-16 00:00:00+07:00,1459.329956,1459.329956,1459.329956,1459.329956,0,0,0
2022-03-17 00:00:00+07:00,1461.339966,1461.339966,1461.339966,1461.339966,0,0,0
2022-03-18 00:00:00+07:00,1469.099976,1469.099976,1469.099976,1469.099976,0,0,0
2022-03-21 00:00:00+07:00,1494.949951,1494.949951,1494.949951,1494.949951,0,0,0
2022-03-22 00:00:00+07:00,1503.780029,1503.780029,1503.780029,1503.780029,0,0,0
2022-03-23 00:00:00+07:00,1502.339966,1502.339966,1502.339966,1502.339966,0,0,0
2022-03-24 00:00:00+07:00,1498.26001,1498.26001,1498.26001,1498.26001,0,0,0
2022-03-25 00:00:00+07:00,1498.5,1498.5,1498.5,1498.5,0,0,0
2022-03-28 00:00:00+07:00,1483.180054,1483.180054,1483.180054,1483.180054,0,0,0
2022-03-29 00:00:00+07:00,1497.76001,1497.76001,1497.76001,1497.76001,0,0,0
2022-03-30 00:00:00+07:00,1490.51001,1490.51001,1490.51001,1490.51001,0,0,0
2022-03-31 00:00:00+07:00,1492.150024,1492.150024,1492.150024,1492.150024,0,0,0
2022-04-01 00:00:00+07:00,1516.439941,1516.439941,1516.439941,1516.439941,0,0,0
2022-04-04 00:00:00+07:00,1524.699951,1524.699951,1524.699951,1524.699951,0,0,0
2022-04-05 00:00:00+07:00,1520.030029,1520.030029,1520.030029,1520.030029,0,0,0
2022-04-06 00:00:00+07:00,1522.900024,1522.900024,1522.900024,1522.900024,0,0,0
2022-04-07 00:00:00+07:00,1502.349976,1502.349976,1502.349976,1502.349976,0,0,0
2022-04-08 00:00:00+07:00,1482,1482,1482,1482,0,0,0
2022-04-12 00:00:00+07:00,1455.25,1455.25,1455.25,1455.25,0,0,0
2022-04-13 00:00:00+07:00,1477.199951,1477.199951,1477.199951,1477.199951,0,0,0
2022-04-14 00:00:00+07:00,1472.119995,1472.119995,1472.119995,1472.119995,0,0,0
2022-04-18 00:00:00+07:00,1432.599976,1432.599976,1432.599976,1432.599976,0,0,0
2022-04-19 00:00:00+07:00,1406.449951,1406.449951,1406.449951,1406.449951,0,0,0
2022-04-20 00:00:00+07:00,1384.719971,1384.719971,1384.719971,1384.719971,0,0,0
2022-04-21 00:00:00+07:00,1370.209961,1370.209961,1370.209961,1370.209961,0,0,0
2022-04-22 00:00:00+07:00,1379.22998,1379.22998,1379.22998,1379.22998,0,0,0
2022-04-25 00:00:00+07:00,1310.920044,1310.920044,1310.920044,1310.920044,0,0,0
2022-04-26 00:00:00+07:00,1341.339966,1341.339966,1341.339966,1341.339966,0,0,0
2022-04-27 00:00:00+07:00,1353.77002,1353.77002,1353.77002,1353.77002,0,0,0
2022-04-28 00:00:00+07:00,1350.98999,1350.98999,1350.98999,1350.98999,0,0,0
2022-04-29 00:00:00+07:00,1366.800049,1366.800049,1366.800049,1366.800049,0,0,0
2022-05-04 00:00:00+07:00,1348.680054,1348.680054,1348.680054,1348.680054,0,0,0
2022-05-05 00:00:00+07:00,1360.680054,1360.680054,1360.680054,1360.680054,0,0,0
2022-05-06 00:00:00+07:00,1329.26001,1329.26001,1329.26001,1329.26001,0,0,0
2022-05-09 00:00:00+07:00,1269.619995,1269.619995,1269.619995,1269.619995,0,0,0
2022-05-10 00:00:00+07:00,1293.560059,1293.560059,1293.560059,1293.560059,0,0,0
2022-05-11 00:00:00+07:00,1301.530029,1301.530029,1301.530029,1301.530029,0,0,0
2022-05-12 00:00:00+07:00,1238.839966,1238.839966,1238.839966,1238.839966,0,0,0
2022-05-13 00:00:00+07:00,1182.77002,1182.77002,1182.77002,1182.77002,0,0,0
2022-05-16 00:00:00+07:00,1171.949951,1171.949951,1171.949951,1171.949951,0,0,0
2022-05-17 00:00:00+07:00,1228.369995,1228.369995,1228.369995,1228.369995,0,0,0
2022-05-18 00:00:00+07:00,1240.76001,1240.76001,1240.76001,1240.76001,0,0,0
2022-05-19 00:00:00+07:00,1241.640015,1241.640015,1241.640015,1241.640015,0,0,0
2022-05-20 00:00:00+07:00,1240.709961,1240.709961,1240.709961,1240.709961,0,0,0
2022-05-23 00:00:00+07:00,1218.810059,1218.810059,1218.810059,1218.810059,0,0,0
2022-05-24 00:00:00+07:00,1233.380005,1233.380005,1233.380005,1233.380005,0,0,0
2022-05-25 00:00:00+07:00,1268.430054,1268.430054,1268.430054,1268.430054,0,0,0
2022-05-26 00:00:00+07:00,1268.569946,1268.569946,1268.569946,1268.569946,0,0,0
2022-05-27 00:00:00+07:00,1285.449951,1285.449951,1285.449951,1285.449951,0,0,0
2022-05-31 00:00:00+07:00,1292.680054,1292.680054,1292.680054,1292.680054,0,0,0
2022-06-01 00:00:00+07:00,1299.52002,1299.52002,1299.52002,1299.52002,0,0,0
2022-06-02 00:00:00+07:00,1288.619995,1288.619995,1288.619995,1288.619995,0,0,0
2022-06-03 00:00:00+07:00,1287.97998,1287.97998,1287.97998,1287.97998,0,0,0
2022-06-06 00:00:00+07:00,1290.01001,1290.01001,1290.01001,1290.01001,0,0,0
2022-06-07 00:00:00+07:00,1291.349976,1291.349976,1291.349976,1291.349976,0,0,0
2022-06-08 00:00:00+07:00,1307.910034,1307.910034,1307.910034,1307.910034,0,0,0
2022-06-09 00:00:00+07:00,1307.800049,1307.800049,1307.800049,1307.800049,0,0,0
2022-06-10 00:00:00+07:00,1284.079956,1284.079956,1284.079956,1284.079956,0,0,0
2022-06-13 00:00:00+07:00,1227.040039,1227.040039,1227.040039,1227.040039,0,0,0
2022-06-14 00:00:00+07:00,1230.310059,1230.310059,1230.310059,1230.310059,0,0,0
2022-06-15 00:00:00+07:00,1213.930054,1213.930054,1213.930054,1213.930054,0,0,0
2022-06-16 00:00:00+07:00,1236.630005,1236.630005,1236.630005,1236.630005,0,0,0
2022-06-17 00:00:00+07:00,1217.300049,1217.300049,1217.300049,1217.300049,0,0,0
2022-06-21 00:00:00+07:00,1172.469971,1172.469971,1172.469971,1172.469971,0,0,0
2022-06-22 00:00:00+07:00,1169.27002,1169.27002,1169.27002,1169.27002,0,0,0
2022-06-23 00:00:00+07:00,1188.880005,1188.880005,1188.880005,1188.880005,0,0,0
2022-06-24 00:00:00+07:00,1185.47998,1185.47998,1185.47998,1185.47998,0,0,0
2022-06-27 00:00:00+07:00,1202.819946,1202.819946,1202.819946,1202.819946,0,0,0
2022-06-28 00:00:00+07:00,1218.099976,1218.099976,1218.099976,1218.099976,0,0,0
2022-06-29 00:00:00+07:00,1218.089966,1218.089966,1218.089966,1218.089966,0,0,0
2022-06-30 00:00:00+07:00,1197.599976,1197.599976,1197.599976,1197.599976,0,0,0
2022-07-05 00:00:00+07:00,1181.290039,1181.290039,1181.290039,1181.290039,0,0,0
2022-07-06 00:00:00+07:00,1149.609985,1149.609985,1149.609985,1149.609985,0,0,0
2022-07-07 00:00:00+07:00,1166.47998,1166.47998,1166.47998,1166.47998,0,0,0
2022-07-08 00:00:00+07:00,1171.310059,1171.310059,1171.310059,1171.310059,0,0,0
2022-07-11 00:00:00+07:00,1155.290039,1155.290039,1155.290039,1155.290039,0,0,0
2022-07-12 00:00:00+07:00,1174.819946,1174.819946,1174.819946,1174.819946,0,0,0
2022-07-13 00:00:00+07:00,1173.920044,1173.920044,1173.920044,1173.920044,0,0,0
2022-07-14 00:00:00+07:00,1182.170044,1182.170044,1182.170044,1182.170044,0,0,0
2022-07-15 00:00:00+07:00,1179.25,1179.25,1179.25,1179.25,0,0,0
2022-07-18 00:00:00+07:00,1176.48999,1176.48999,1176.48999,1176.48999,0,0,0
2022-07-19 00:00:00+07:00,1178.329956,1178.329956,1178.329956,1178.329956,0,0,0
2022-07-20 00:00:00+07:00,1194.140015,1194.140015,1194.140015,1194.140015,0,0,0
2022-07-21 00:00:00+07:00,1198.469971,1198.469971,1198.469971,1198.469971,0,0,0
2022-07-22 00:00:00+07:00,1194.76001,1194.76001,1194.76001,1194.76001,0,0,0
2022-07-25 00:00:00+07:00,1188.5,1188.5,1188.5,1188.5,0,0,0
2022-07-26 00:00:00+07:00,1185.069946,1185.069946,1185.069946,1185.069946,0,0,0
2022-07-27 00:00:00+07:00,1191.040039,1191.040039,1191.040039,1191.040039,0,0,0
2022-07-28 00:00:00+07:00,1208.119995,1208.119995,1208.119995,1208.119995,0,0,0
2022-07-29 00:00:00+07:00,1206.329956,1206.329956,1206.329956,1206.329956,0,0,0
2022-08-01 00:00:00+07:00,1231.349976,1231.349976,1231.349976,1231.349976,0,0,0
2022-08-02 00:00:00+07:00,1241.619995,1241.619995,1241.619995,1241.619995,0,0,0
2022-08-03 00:00:00+07:00,1249.76001,1249.76001,1249.76001,1249.76001,0,0,0
2022-08-04 00:00:00+07:00,1254.150024,1254.150024,1254.150024,1254.150024,0,0,0
2022-08-05 00:00:00+07:00,1252.73999,1252.73999,1252.73999,1252.73999,0,0,0
2022-08-08 00:00:00+07:00,1256.75,1256.75,1256.75,1256.75,0,0,0
2022-08-09 00:00:00+07:00,1258.849976,1258.849976,1258.849976,1258.849976,0,0,0
2022-08-10 00:00:00+07:00,1256.5,1256.5,1256.5,1256.5,0,0,0
2022-08-11 00:00:00+07:00,1252.069946,1252.069946,1252.069946,1252.069946,0,0,0
2022-08-12 00:00:00+07:00,1262.329956,1262.329956,1262.329956,1262.329956,0,0,0
2022-08-15 00:00:00+07:00,1274.199951,1274.199951,1274.199951,1274.199951,0,0,0
2022-08-16 00:00:00+07:00,1274.689941,1274.689941,1274.689941,1274.689941,0,0,0
2022-08-17 00:00:00+07:00,1275.280029,1275.280029,1275.280029,1275.280029,0,0,0
2022-08-18 00:00:00+07:00,1273.660034,1273.660034,1273.660034,1273.660034,0,0,0
2022-08-19 00:00:00+07:00,1269.180054,1269.180054,1269.180054,1269.180054,0,0,0
2022-08-22 00:00:00+07:00,1260.430054,1260.430054,1260.430054,1260.430054,0,0,0
2022-08-23 00:00:00+07:00,1270.810059,1270.810059,1270.810059,1270.810059,0,0,0
2022-08-24 00:00:00+07:00,1277.160034,1277.160034,1277.160034,1277.160034,0,0,0
2022-08-25 00:00:00+07:00,1288.880005,1288.880005,1288.880005,1288.880005,0,0,0
2022-08-26 00:00:00+07:00,1282.569946,1282.569946,1282.569946,1282.569946,0,0,0
2022-08-29 00:00:00+07:00,1270.800049,1270.800049,1270.800049,1270.800049,0,0,0
2022-08-30 00:00:00+07:00,1279.390015,1279.390015,1279.390015,1279.390015,0,0,0
2022-08-31 00:00:00+07:00,1280.51001,1280.51001,1280.51001,1280.51001,0,0,0
2022-09-06 00:00:00+07:00,1277.400024,1277.400024,1277.400024,1277.400024,0,0,0
2022-09-07 00:00:00+07:00,1243.170044,1243.170044,1243.170044,1243.170044,0,0,0
2022-09-08 00:00:00+07:00,1234.599976,1234.599976,1234.599976,1234.599976,0,0,0
2022-09-09 00:00:00+07:00,1248.780029,1248.780029,1248.780029,1248.780029,0,0,0
2022-09-12 00:00:00+07:00,1249.619995,1249.619995,1249.619995,1249.619995,0,0,0
2022-09-13 00:00:00+07:00,1248.400024,1248.400024,1248.400024,1248.400024,0,0,0
2022-09-14 00:00:00+07:00,1240.77002,1240.77002,1240.77002,1240.77002,0,0,0
2022-09-15 00:00:00+07:00,1245.660034,1245.660034,1245.660034,1245.660034,0,0,0
2022-09-16 00:00:00+07:00,1234.030029,1234.030029,1234.030029,1234.030029,0,0,0
2022-09-19 00:00:00+07:00,1205.430054,1205.430054,1205.430054,1205.430054,0,0,0
2022-09-20 00:00:00+07:00,1218.930054,1218.930054,1218.930054,1218.930054,0,0,0
2022-09-21 00:00:00+07:00,1210.550049,1210.550049,1210.550049,1210.550049,0,0,0
2022-09-22 00:00:00+07:00,1214.699951,1214.699951,1214.699951,1214.699951,0,0,0
2022-09-23 00:00:00+07:00,1203.280029,1203.280029,1203.280029,1203.280029,0,0,0
2022-09-26 00:00:00+07:00,1174.349976,1174.349976,1174.349976,1174.349976,0,0,0
2022-09-27 00:00:00+07:00,1166.540039,1166.540039,1166.540039,1166.540039,0,0,0
2022-09-28 00:00:00+07:00,1143.619995,1143.619995,1143.619995,1143.619995,0,0,0
2022-09-29 00:00:00+07:00,1126.069946,1126.069946,1126.069946,1126.069946,0,0,0
2022-09-30 00:00:00+07:00,1132.109985,1132.109985,1132.109985,1132.109985,0,0,0
2022-10-03 00:00:00+07:00,1086.439941,1086.439941,1086.439941,1086.439941,0,0,0
2022-10-04 00:00:00+07:00,1078.140015,1078.140015,1078.140015,1078.140015,0,0,0
2022-10-05 00:00:00+07:00,1104.26001,1104.26001,1104.26001,1104.26001,0,0,0
2022-10-06 00:00:00+07:00,1074.52002,1074.52002,1074.52002,1074.52002,0,0,0
2022-10-07 00:00:00+07:00,1035.910034,1035.910034,1035.910034,1035.910034,0,0,0
2022-10-10 00:00:00+07:00,1042.47998,1042.47998,1042.47998,1042.47998,0,0,0
2022-10-11 00:00:00+07:00,1006.200012,1006.200012,1006.200012,1006.200012,0,0,0
2022-10-12 00:00:00+07:00,1034.810059,1034.810059,1034.810059,1034.810059,0,0,0
2022-10-13 00:00:00+07:00,1050.98999,1050.98999,1050.98999,1050.98999,0,0,0
2022-10-14 00:00:00+07:00,1061.849976,1061.849976,1061.849976,1061.849976,0,0,0
2022-10-17 00:00:00+07:00,1051.579956,1051.579956,1051.579956,1051.579956,0,0,0
2022-10-18 00:00:00+07:00,1063.660034,1063.660034,1063.660034,1063.660034,0,0,0
2022-10-19 00:00:00+07:00,1060.069946,1060.069946,1060.069946,1060.069946,0,0,0
2022-10-20 00:00:00+07:00,1058.449951,1058.449951,1058.449951,1058.449951,0,0,0
2022-10-21 00:00:00+07:00,1019.820007,1019.820007,1019.820007,1019.820007,0,0,0
2022-10-24 00:00:00+07:00,986.1500244,986.1500244,986.1500244,986.1500244,0,0,0
2022-10-25 00:00:00+07:00,997.7000122,997.7000122,997.7000122,997.7000122,0,0,0
2022-10-26 00:00:00+07:00,993.3599854,993.3599854,993.3599854,993.3599854,0,0,0
2022-10-27 00:00:00+07:00,1028.01001,1028.01001,1028.01001,1028.01001,0,0,0
2022-10-28 00:00:00+07:00,1027.359985,1027.359985,1027.359985,1027.359985,0,0,0
2022-10-31 00:00:00+07:00,1027.939941,1027.939941,1027.939941,1027.939941,0,0,0
2022-11-01 00:00:00+07:00,1033.75,1033.75,1033.75,1033.75,0,0,0
2022-11-02 00:00:00+07:00,1023.190002,1023.190002,1023.190002,1023.190002,0,0,0
2022-11-03 00:00:00+07:00,1019.809998,1019.809998,1019.809998,1019.809998,0,0,0
2022-11-04 00:00:00+07:00,997.1500244,997.1500244,997.1500244,997.1500244,0,0,0
2022-11-07 00:00:00+07:00,975.1900024,975.1900024,975.1900024,975.1900024,0,0,0
2022-11-08 00:00:00+07:00,981.6500244,981.6500244,981.6500244,981.6500244,0,0,0
2022-11-09 00:00:00+07:00,985.5900269,985.5900269,985.5900269,985.5900269,0,0,0
2022-11-10 00:00:00+07:00,947.2399902,947.2399902,947.2399902,947.2399902,0,0,0
2022-11-11 00:00:00+07:00,954.5300293,954.5300293,954.5300293,954.5300293,0,0,0
2022-11-14 00:00:00+07:00,941.039978,941.039978,941.039978,941.039978,0,0,0
2022-11-15 00:00:00+07:00,911.9000244,911.9000244,911.9000244,911.9000244,0,0,0
2022-11-16 00:00:00+07:00,942.9000244,942.9000244,942.9000244,942.9000244,0,0,0
2022-11-17 00:00:00+07:00,969.2600098,969.2600098,969.2600098,969.2600098,0,0,0
2022-11-18 00:00:00+07:00,969.3300171,969.3300171,969.3300171,969.3300171,0,0,0
2022-11-21 00:00:00+07:00,960.6500244,960.6500244,960.6500244,960.6500244,0,0,0
2022-11-22 00:00:00+07:00,952.1199951,952.1199951,952.1199951,952.1199951,0,0,0
2022-11-23 00:00:00+07:00,946,946,946,946,0,0,0
2022-11-25 00:00:00+07:00,971.460022,971.460022,971.460022,971.460022,0,0,0
2022-11-28 00:00:00+07:00,1005.690002,1005.690002,1005.690002,1005.690002,0,0,0
2022-11-29 00:00:00+07:00,1032.160034,1032.160034,1032.160034,1032.160034,0,0,0
2022-11-30 00:00:00+07:00,1048.420044,1048.420044,1048.420044,1048.420044,0,0,0
2022-12-01 00:00:00+07:00,1036.280029,1036.280029,1036.280029,1036.280029,0,0,0
2022-12-02 00:00:00+07:00,1080.01001,1080.01001,1080.01001,1080.01001,0,0,0
2022-12-05 00:00:00+07:00,1093.670044,1093.670044,1093.670044,1093.670044,0,0,0
2022-12-06 00:00:00+07:00,1048.689941,1048.689941,1048.689941,1048.689941,0,0,0
2022-12-07 00:00:00+07:00,1041.02002,1041.02002,1041.02002,1041.02002,0,0,0
2022-12-08 00:00:00+07:00,1050.530029,1050.530029,1050.530029,1050.530029,0,0,0
2022-12-09 00:00:00+07:00,1051.810059,1051.810059,1051.810059,1051.810059,0,0,0
2022-12-12 00:00:00+07:00,1032.069946,1032.069946,1032.069946,1032.069946,0,0,0
2022-12-13 00:00:00+07:00,1047.449951,1047.449951,1047.449951,1047.449951,0,0,0
2022-12-14 00:00:00+07:00,1050.430054,1050.430054,1050.430054,1050.430054,0,0,0
2022-12-15 00:00:00+07:00,1055.319946,1055.319946,1055.319946,1055.319946,0,0,0
2022-12-16 00:00:00+07:00,1052.47998,1052.47998,1052.47998,1052.47998,0,0,0
2022-12-19 00:00:00+07:00,1038.400024,1038.400024,1038.400024,1038.400024,0,0,0
2022-12-20 00:00:00+07:00,1023.130005,1023.130005,1023.130005,1023.130005,0,0,0
2022-12-21 00:00:00+07:00,1018.880005,1018.880005,1018.880005,1018.880005,0,0,0
2022-12-22 00:00:00+07:00,1022.609985,1022.609985,1022.609985,1022.609985,0,0,0
2022-12-23 00:00:00+07:00,1020.340027,1020.340027,1020.340027,1020.340027,0,0,0
2022-12-27 00:00:00+07:00,1004.570007,1004.570007,1004.570007,1004.570007,0,0,0
2022-12-28 00:00:00+07:00,1015.659973,1015.659973,1015.659973,1015.659973,0,0,0
2022-12-29 00:00:00+07:00,1009.289978,1009.289978,1009.289978,1009.289978,0,0,0
2022-12-30 00:00:00+07:00,1007.090027,1007.090027,1007.090027,1007.090027,0,0,0
2023-01-03 00:00:00+07:00,1043.900024,1043.900024,1043.900024,1043.900024,0,0,0
2023-01-04 00:00:00+07:00,1046.349976,1046.349976,1046.349976,1046.349976,0,0,0
2023-01-05 00:00:00+07:00,1055.819946,1055.819946,1055.819946,1055.819946,0,0,0
2023-01-06 00:00:00+07:00,1051.439941,1051.439941,1051.439941,1051.439941,0,0,0
2023-01-09 00:00:00+07:00,1054.209961,1054.209961,1054.209961,1054.209961,0,0,0
2023-01-10 00:00:00+07:00,1053.349976,1053.349976,1053.349976,1053.349976,0,0,0
2023-01-11 00:00:00+07:00,1055.76001,1055.76001,1055.76001,1055.76001,0,0,0
2023-01-12 00:00:00+07:00,1056.390015,1056.390015,1056.390015,1056.390015,0,0,0
2023-01-13 00:00:00+07:00,1060.170044,1060.170044,1060.170044,1060.170044,0,0,0
2023-01-17 00:00:00+07:00,1088.290039,1088.290039,1088.290039,1088.290039,0,0,0
2023-01-18 00:00:00+07:00,1098.280029,1098.280029,1098.280029,1098.280029,0,0,0
2023-01-19 00:00:00+07:00,1108.079956,1108.079956,1108.079956,1108.079956,0,0,0
2023-01-27 00:00:00+07:00,1117.099976,1117.099976,1117.099976,1117.099976,0,0,0
2023-01-30 00:00:00+07:00,1102.569946,1102.569946,1102.569946,1102.569946,0,0,0
2023-01-31 00:00:00+07:00,1111.180054,1111.180054,1111.180054,1111.180054,0,0,0
2023-02-01 00:00:00+07:00,1075.969971,1075.969971,1075.969971,1075.969971,0,0,0
2023-02-02 00:00:00+07:00,1077.589966,1077.589966,1077.589966,1077.589966,0,0,0
2023-02-03 00:00:00+07:00,1077.150024,1077.150024,1077.150024,1077.150024,0,0,0
2023-02-06 00:00:00+07:00,1089.290039,1089.290039,1089.290039,1089.290039,0,0,0
2023-02-07 00:00:00+07:00,1065.839966,1065.839966,1065.839966,1065.839966,0,0,0
2023-02-08 00:00:00+07:00,1072.219971,1072.219971,1072.219971,1072.219971,0,0,0
2023-02-09 00:00:00+07:00,1064.030029,1064.030029,1064.030029,1064.030029,0,0,0
2023-02-10 00:00:00+07:00,1055.300049,1055.300049,1055.300049,1055.300049,0,0,0
2023-02-13 00:00:00+07:00,1043.699951,1043.699951,1043.699951,1043.699951,0,0,0
2023-02-14 00:00:00+07:00,1038.640015,1038.640015,1038.640015,1038.640015,0,0,0
2023-02-15 00:00:00+07:00,1048.199951,1048.199951,1048.199951,1048.199951,0,0,0
2023-02-16 00:00:00+07:00,1058.290039,1058.290039,1058.290039,1058.290039,0,0,0
2023-02-17 00:00:00+07:00,1059.310059,1059.310059,1059.310059,1059.310059,0,0,0
2023-02-21 00:00:00+07:00,1082.22998,1082.22998,1082.22998,1082.22998,0,0,0
2023-02-22 00:00:00+07:00,1054.280029,1054.280029,1054.280029,1054.280029,0,0,0
2023-02-23 00:00:00+07:00,1053.660034,1053.660034,1053.660034,1053.660034,0,0,0
2023-02-24 00:00:00+07:00,1039.560059,1039.560059,1039.560059,1039.560059,0,0,0
2023-02-27 00:00:00+07:00,1021.25,1021.25,1021.25,1021.25,0,0,0
2023-02-28 00:00:00+07:00,1024.680054,1024.680054,1024.680054,1024.680054,0,0,0
2023-03-01 00:00:00+07:00,1040.550049,1040.550049,1040.550049,1040.550049,0,0,0
2023-03-02 00:00:00+07:00,1037.609985,1037.609985,1037.609985,1037.609985,0,0,0
2023-03-03 00:00:00+07:00,1024.77002,1024.77002,1024.77002,1024.77002,0,0,0
2023-03-06 00:00:00+07:00,1027.180054,1027.180054,1027.180054,1027.180054,0,0,0
2023-03-07 00:00:00+07:00,1037.839966,1037.839966,1037.839966,1037.839966,0,0,0
2023-03-08 00:00:00+07:00,1049.180054,1049.180054,1049.180054,1049.180054,0,0,0
2023-03-09 00:00:00+07:00,1055.949951,1055.949951,1055.949951,1055.949951,0,0,0
2023-03-10 00:00:00+07:00,1053,1053,1053,1053,0,0,0
2023-03-13 00:00:00+07:00,1052.800049,1052.800049,1052.800049,1052.800049,0,0,0
2023-03-14 00:00:00+07:00,1040.130005,1040.130005,1040.130005,1040.130005,0,0,0
2023-03-15 00:00:00+07:00,1062.189941,1062.189941,1062.189941,1062.189941,0,0,0
2023-03-16 00:00:00+07:00,1047.400024,1047.400024,1047.400024,1047.400024,0,0,0
2023-03-17 00:00:00+07:00,1045.140015,1045.140015,1045.140015,1045.140015,0,0,0
2023-03-20 00:00:00+07:00,1023.099976,1023.099976,1023.099976,1023.099976,0,0,0
2023-03-21 00:00:00+07:00,1032.430054,1032.430054,1032.430054,1032.430054,0,0,0
2023-03-22 00:00:00+07:00,1040.540039,1040.540039,1040.540039,1040.540039,0,0,0
2023-03-23 00:00:00+07:00,1045.099976,1045.099976,1045.099976,1045.099976,0,0,0
2023-03-24 00:00:00+07:00,1046.790039,1046.790039,1046.790039,1046.790039,0,0,0
2023-03-27 00:00:00+07:00,1052.25,1052.25,1052.25,1052.25,0,0,0
2023-03-28 00:00:00+07:00,1054.290039,1054.290039,1054.290039,1054.290039,0,0,0
2023-03-29 00:00:00+07:00,1056.329956,1056.329956,1056.329956,1056.329956,0,0,0
2023-03-30 00:00:00+07:00,1059.439941,1059.439941,1059.439941,1059.439941,0,0,0
2023-03-31 00:00:00+07:00,1064.640015,1064.640015,1064.640015,1064.640015,0,0,0
2023-04-03 00:00:00+07:00,1079.280029,1079.280029,1079.280029,1079.280029,0,0,0
2023-04-04 00:00:00+07:00,1078.449951,1078.449951,1078.449951,1078.449951,0,0,0
2023-04-05 00:00:00+07:00,1080.859985,1080.859985,1080.859985,1080.859985,0,0,0
2023-04-06 00:00:00+07:00,1070.910034,1070.910034,1070.910034,1070.910034,0,0,0
2023-04-10 00:00:00+07:00,1065.349976,1065.349976,1065.349976,1065.349976,0,0,0
2023-04-11 00:00:00+07:00,1069.459961,1069.459961,1069.459961,1069.459961,0,0,0
2023-04-12 00:00:00+07:00,1069.449951,1069.449951,1069.449951,1069.449951,0,0,0
2023-04-13 00:00:00+07:00,1064.300049,1064.300049,1064.300049,1064.300049,0,0,0
2023-04-14 00:00:00+07:00,1052.890015,1052.890015,1052.890015,1052.890015,0,0,0
2023-04-17 00:00:00+07:00,1053.810059,1053.810059,1053.810059,1053.810059,0,0,0
2023-04-18 00:00:00+07:00,1055.02002,1055.02002,1055.02002,1055.02002,0,0,0
2023-04-20 00:00:00+07:00,1049.25,1049.25,1049.25,1049.25,0,0,0
2023-04-21 00:00:00+07:00,1042.910034,1042.910034,1042.910034,1042.910034,0,0,0
2023-04-24 00:00:00+07:00,1041.359985,1041.359985,1041.359985,1041.359985,0,0,0
2023-04-25 00:00:00+07:00,1034.849976,1034.849976,1034.849976,1034.849976,0,0,0
2023-04-26 00:00:00+07:00,1040.800049,1040.800049,1040.800049,1040.800049,0,0,0
2023-04-27 00:00:00+07:00,1039.630005,1039.630005,1039.630005,1039.630005,0,0,0
2023-04-28 00:00:00+07:00,1049.119995,1049.119995,1049.119995,1049.119995,0,0,0
2023-05-04 00:00:00+07:00,1040.609985,1040.609985,1040.609985,1040.609985,0,0,0
2023-05-05 00:00:00+07:00,1040.310059,1040.310059,1040.310059,1040.310059,0,0,0
2023-05-08 00:00:00+07:00,1053.439941,1053.439941,1053.439941,1053.439941,0,0,0
2023-05-10 00:00:00+07:00,1058.26001,1058.26001,1058.26001,1058.26001,0,0,0
2023-05-11 00:00:00+07:00,1057.119995,1057.119995,1057.119995,1057.119995,0,0,0
2023-05-12 00:00:00+07:00,1066.900024,1066.900024,1066.900024,1066.900024,0,0,0
2023-05-15 00:00:00+07:00,1065.709961,1065.709961,1065.709961,1065.709961,0,0,0
2023-05-16 00:00:00+07:00,1065.910034,1065.910034,1065.910034,1065.910034,0,0,0
2023-05-17 00:00:00+07:00,1060.439941,1060.439941,1060.439941,1060.439941,0,0,0
2023-05-18 00:00:00+07:00,1068.310059,1068.310059,1068.310059,1068.310059,0,0,0
2023-05-19 00:00:00+07:00,1067.069946,1067.069946,1067.069946,1067.069946,0,0,0
2023-05-22 00:00:00+07:00,1070.640015,1070.640015,1070.640015,1070.640015,0,0,0
2023-05-23 00:00:00+07:00,1065.849976,1065.849976,1065.849976,1065.849976,0,0,0
2023-05-24 00:00:00+07:00,1061.790039,1061.790039,1061.790039,1061.790039,0,0,0
2023-05-25 00:00:00+07:00,1064.630005,1064.630005,1064.630005,1064.630005,0,0,0
2023-05-26 00:00:00+07:00,1063.76001,1063.76001,1063.76001,1063.76001,0,0,0
2023-05-30 00:00:00+07:00,1078.050049,1078.050049,1078.050049,1078.050049,0,0,0
2023-05-31 00:00:00+07:00,1075.170044,1075.170044,1075.170044,1075.170044,0,0,0
2023-06-01 00:00:00+07:00,1078.390015,1078.390015,1078.390015,1078.390015,0,0,0
2023-06-02 00:00:00+07:00,1090.839966,1090.839966,1090.839966,1090.839966,0,0,0
2023-06-05 00:00:00+07:00,1097.819946,1097.819946,1097.819946,1097.819946,0,0,0
2023-06-06 00:00:00+07:00,1108.310059,1108.310059,1108.310059,1108.310059,0,0,0
2023-06-07 00:00:00+07:00,1109.540039,1109.540039,1109.540039,1109.540039,0,0,0
2023-06-08 00:00:00+07:00,1101.319946,1101.319946,1101.319946,1101.319946,0,0,0
2023-06-09 00:00:00+07:00,1107.530029,1107.530029,1107.530029,1107.530029,0,0,0
2023-06-13 00:00:00+07:00,1122.459961,1122.459961,1122.459961,1122.459961,0,0,0
2023-06-14 00:00:00+07:00,1117.420044,1117.420044,1117.420044,1117.420044,0,0,0
2023-06-15 00:00:00+07:00,1116.969971,1116.969971,1116.969971,1116.969971,0,0,0
2023-06-16 00:00:00+07:00,1115.219971,1115.219971,1115.219971,1115.219971,0,0,0
2023-06-20 00:00:00+07:00,1111.719971,1111.719971,1111.719971,1111.719971,0,0,0
2023-06-22 00:00:00+07:00,1125.300049,1125.300049,1125.300049,1125.300049,0,0,0
2023-06-23 00:00:00+07:00,1129.380005,1129.380005,1129.380005,1129.380005,0,0,0
2023-06-26 00:00:00+07:00,1132.030029,1132.030029,1132.030029,1132.030029,0,0,0
2023-06-27 00:00:00+07:00,1134.329956,1134.329956,1134.329956,1134.329956,0,0,0
2023-06-28 00:00:00+07:00,1138.349976,1138.349976,1138.349976,1138.349976,0,0,0
2023-06-29 00:00:00+07:00,1125.390015,1125.390015,1125.390015,1125.390015,0,0,0
2023-06-30 00:00:00+07:00,1120.180054,1120.180054,1120.180054,1120.180054,0,0,0
2023-07-03 00:00:00+07:00,1125.5,1125.5,1125.5,1125.5,0,0,0
2023-07-05 00:00:00+07:00,1134.619995,1134.619995,1134.619995,1134.619995,0,0,0
2023-07-06 00:00:00+07:00,1126.219971,1126.219971,1126.219971,1126.219971,0,0,0
2023-07-07 00:00:00+07:00,1138.069946,1138.069946,1138.069946,1138.069946,0,0,0
2023-07-10 00:00:00+07:00,1149.02002,1149.02002,1149.02002,1149.02002,0,0,0
2023-07-11 00:00:00+07:00,1151.77002,1151.77002,1151.77002,1151.77002,0,0,0
2023-07-13 00:00:00+07:00,1165.420044,1165.420044,1165.420044,1165.420044,0,0,0
2023-07-14 00:00:00+07:00,1168.400024,1168.400024,1168.400024,1168.400024,0,0,0
2023-07-17 00:00:00+07:00,1173.130005,1173.130005,1173.130005,1173.130005,0,0,0
2023-07-18 00:00:00+07:00,1174.089966,1174.089966,1174.089966,1174.089966,0,0,0
2023-07-19 00:00:00+07:00,1172.97998,1172.97998,1172.97998,1172.97998,0,0,0
2023-07-20 00:00:00+07:00,1172.810059,1172.810059,1172.810059,1172.810059,0,0,0
2023-07-21 00:00:00+07:00,1185.900024,1185.900024,1185.900024,1185.900024,0,0,0
2023-07-24 00:00:00+07:00,1190.719971,1190.719971,1190.719971,1190.719971,0,0,0
2023-07-25 00:00:00+07:00,1195.900024,1195.900024,1195.900024,1195.900024,0,0,0
2023-07-26 00:00:00+07:00,1200.839966,1200.839966,1200.839966,1200.839966,0,0,0
2023-07-27 00:00:00+07:00,1197.329956,1197.329956,1197.329956,1197.329956,0,0,0
2023-07-28 00:00:00+07:00,1207.670044,1207.670044,1207.670044,1207.670044,0,0,0
2023-07-31 00:00:00+07:00,1222.900024,1222.900024,1222.900024,1222.900024,0,0,0
2023-08-01 00:00:00+07:00,1217.560059,1217.560059,1217.560059,1217.560059,0,0,0
2023-08-02 00:00:00+07:00,1220.430054,1220.430054,1220.430054,1220.430054,0,0,0
2023-08-03 00:00:00+07:00,1210.949951,1210.949951,1210.949951,1210.949951,0,0,0
2023-08-04 00:00:00+07:00,1225.97998,1225.97998,1225.97998,1225.97998,0,0,0
2023-08-07 00:00:00+07:00,1241.420044,1241.420044,1241.420044,1241.420044,0,0,0
2023-08-08 00:00:00+07:00,1242.22998,1242.22998,1242.22998,1242.22998,0,0,0
2023-08-09 00:00:00+07:00,1233.98999,1233.98999,1233.98999,1233.98999,0,0,0
2023-08-10 00:00:00+07:00,1220.609985,1220.609985,1220.609985,1220.609985,0,0,0
2023-08-11 00:00:00+07:00,1232.209961,1232.209961,1232.209961,1232.209961,0,0,0
2023-08-14 00:00:00+07:00,1236.839966,1236.839966,1236.839966,1236.839966,0,0,0
2023-08-15 00:00:00+07:00,1234.050049,1234.050049,1234.050049,1234.050049,0,0,0
2023-08-16 00:00:00+07:00,1243.26001,1243.26001,1243.26001,1243.26001,0,0,0
2023-08-17 00:00:00+07:00,1233.47998,1233.47998,1233.47998,1233.47998,0,0,0
2023-08-18 00:00:00+07:00,1177.98999,1177.98999,1177.98999,1177.98999,0,0,0
2023-08-21 00:00:00+07:00,1179.76001,1179.76001,1179.76001,1179.76001,0,0,0
2023-08-22 00:00:00+07:00,1180.48999,1180.48999,1180.48999,1180.48999,0,0,0
2023-08-23 00:00:00+07:00,1172.560059,1172.560059,1172.560059,1172.560059,0,0,0
2023-08-24 00:00:00+07:00,1189.390015,1189.390015,1189.390015,1189.390015,0,0,0
2023-08-25 00:00:00+07:00,1183.369995,1183.369995,1183.369995,1183.369995,0,0,0
2023-08-28 00:00:00+07:00,1201.719971,1201.719971,1201.719971,1201.719971,0,0,0
2023-08-29 00:00:00+07:00,1204.430054,1204.430054,1204.430054,1204.430054,0,0,0
2023-08-30 00:00:00+07:00,1213.160034,1213.160034,1213.160034,1213.160034,0,0,0
2023-08-31 00:00:00+07:00,1224.050049,1224.050049,1224.050049,1224.050049,0,0,0
2023-09-05 00:00:00+07:00,1234.97998,1234.97998,1234.97998,1234.97998,0,0,0
2023-09-06 00:00:00+07:00,1245.5,1245.5,1245.5,1245.5,0,0,0
2023-09-07 00:00:00+07:00,1243.140015,1243.140015,1243.140015,1243.140015,0,0,0
2023-09-08 00:00:00+07:00,1241.47998,1241.47998,1241.47998,1241.47998,0,0,0
2023-09-11 00:00:00+07:00,1223.630005,1223.630005,1223.630005,1223.630005,0,0,0
2023-09-12 00:00:00+07:00,1245.439941,1245.439941,1245.439941,1245.439941,0,0,0
2023-09-13 00:00:00+07:00,1238.390015,1238.390015,1238.390015,1238.390015,0,0,0
2023-09-14 00:00:00+07:00,1223.810059,1223.810059,1223.810059,1223.810059,0,0,0
2023-09-15 00:00:00+07:00,1227.359985,1227.359985,1227.359985,1227.359985,0,0,0
2023-09-18 00:00:00+07:00,1211.810059,1211.810059,1211.810059,1211.810059,0,0,0
2023-09-19 00:00:00+07:00,1211.5,1211.5,1211.5,1211.5,0,0,0
2023-09-20 00:00:00+07:00,1226.109985,1226.109985,1226.109985,1226.109985,0,0,0
2023-09-21 00:00:00+07:00,1212.73999,1212.73999,1212.73999,1212.73999,0,0,0
2023-09-22 00:00:00+07:00,1193.050049,1193.050049,1193.050049,1193.050049,0,0,0
2023-09-25 00:00:00+07:00,1153.199951,1153.199951,1153.199951,1153.199951,0,0,0
2023-09-26 00:00:00+07:00,1137.959961,1137.959961,1137.959961,1137.959961,0,0,0
2023-09-27 00:00:00+07:00,1153.849976,1153.849976,1153.849976,1153.849976,0,0,0
2023-09-28 00:00:00+07:00,1152.430054,1152.430054,1152.430054,1152.430054,0,0,0
2023-09-29 00:00:00+07:00,1154.150024,1154.150024,1154.150024,1154.150024,0,0,0
2023-10-02 00:00:00+07:00,1155.25,1155.25,1155.25,1155.25,0,0,0
2023-10-03 00:00:00+07:00,1118.099976,1118.099976,1118.099976,1118.099976,0,0,0
2023-10-04 00:00:00+07:00,1128.670044,1128.670044,1128.670044,1128.670044,0,0,0
2023-10-05 00:00:00+07:00,1113.890015,1113.890015,1113.890015,1113.890015,0,0,0
2023-10-06 00:00:00+07:00,1128.540039,1128.540039,1128.540039,1128.540039,0,0,0
2023-10-09 00:00:00+07:00,1137.359985,1137.359985,1137.359985,1137.359985,0,0,0
2023-10-10 00:00:00+07:00,1143.689941,1143.689941,1143.689941,1143.689941,0,0,0
2023-10-11 00:00:00+07:00,1150.810059,1150.810059,1150.810059,1150.810059,0,0,0
2023-10-12 00:00:00+07:00,1151.609985,1151.609985,1151.609985,1151.609985,0,0,0
2023-10-13 00:00:00+07:00,1154.72998,1154.72998,1154.72998,1154.72998,0,0,0
2023-10-16 00:00:00+07:00,1141.420044,1141.420044,1141.420044,1141.420044,0,0,0
2023-10-17 00:00:00+07:00,1121.650024,1121.650024,1121.650024,1121.650024,0,0,0
2023-10-18 00:00:00+07:00,1103.400024,1103.400024,1103.400024,1103.400024,0,0,0
2023-10-19 00:00:00+07:00,1087.849976,1087.849976,1087.849976,1087.849976,0,0,0
2023-10-20 00:00:00+07:00,1108.030029,1108.030029,1108.030029,1108.030029,0,0,0
2023-10-23 00:00:00+07:00,1093.530029,1093.530029,1093.530029,1093.530029,0,0,0
2023-10-24 00:00:00+07:00,1105.900024,1105.900024,1105.900024,1105.900024,0,0,0
2023-10-25 00:00:00+07:00,1101.660034,1101.660034,1101.660034,1101.660034,0,0,0
2023-10-26 00:00:00+07:00,1055.449951,1055.449951,1055.449951,1055.449951,0,0,0
2023-10-27 00:00:00+07:00,1060.619995,1060.619995,1060.619995,1060.619995,0,0,0
2023-10-30 00:00:00+07:00,1042.400024,1042.400024,1042.400024,1042.400024,0,0,0
2023-10-31 00:00:00+07:00,1028.189941,1028.189941,1028.189941,1028.189941,0,0,0
2023-11-01 00:00:00+07:00,1039.660034,1039.660034,1039.660034,1039.660034,0,0,0
2023-11-02 00:00:00+07:00,1075.469971,1075.469971,1075.469971,1075.469971,0,0,0
2023-11-06 00:00:00+07:00,1089.660034,1089.660034,1089.660034,1089.660034,0,0,0
2023-11-07 00:00:00+07:00,1080.290039,1080.290039,1080.290039,1080.290039,0,0,0
2023-11-08 00:00:00+07:00,1113.430054,1113.430054,1113.430054,1113.430054,0,0,0
2023-11-09 00:00:00+07:00,1113.890015,1113.890015,1113.890015,1113.890015,0,0,0
2023-11-10 00:00:00+07:00,1101.680054,1101.680054,1101.680054,1101.680054,0,0,0
2023-11-13 00:00:00+07:00,1100.069946,1100.069946,1100.069946,1100.069946,0,0,0
2023-11-14 00:00:00+07:00,1109.72998,1109.72998,1109.72998,1109.72998,0,0,0
2023-11-15 00:00:00+07:00,1122.5,1122.5,1122.5,1122.5,0,0,0
2023-11-16 00:00:00+07:00,1125.530029,1125.530029,1125.530029,1125.530029,0,0,0
2023-11-17 00:00:00+07:00,1101.189941,1101.189941,1101.189941,1101.189941,0,0,0
2023-11-20 00:00:00+07:00,1103.660034,1103.660034,1103.660034,1103.660034,0,0,0
2023-11-21 00:00:00+07:00,1110.459961,1110.459961,1110.459961,1110.459961,0,0,0
2023-11-22 00:00:00+07:00,1113.819946,1113.819946,1113.819946,1113.819946,0,0,0
2023-11-23 00:00:00+07:00,1088.48999,1088.48999,1088.48999,1088.48999,0,0,0
2023-11-27 00:00:00+07:00,1088.060059,1088.060059,1088.060059,1088.060059,0,0,0
2023-11-28 00:00:00+07:00,1095.430054,1095.430054,1095.430054,1095.430054,0,0,0
2023-11-29 00:00:00+07:00,1102.800049,1102.800049,1102.800049,1102.800049,0,0,0
2023-11-30 00:00:00+07:00,1094.130005,1094.130005,1094.130005,1094.130005,0,0,0
2023-12-01 00:00:00+07:00,1102.160034,1102.160034,1102.160034,1102.160034,0,0,0
2023-12-04 00:00:00+07:00,1120.48999,1120.48999,1120.48999,1120.48999,0,0,0
2023-12-05 00:00:00+07:00,1115.969971,1115.969971,1115.969971,1115.969971,0,0,0
2023-12-06 00:00:00+07:00,1126.430054,1126.430054,1126.430054,1126.430054,0,0,0
2023-12-07 00:00:00+07:00,1121.48999,1121.48999,1121.48999,1121.48999,0,0,0
2023-12-08 00:00:00+07:00,1124.439941,1124.439941,1124.439941,1124.439941,0,0,0
2023-12-11 00:00:00+07:00,1125.5,1125.5,1125.5,1125.5,0,0,0
2023-12-12 00:00:00+07:00,1127.630005,1127.630005,1127.630005,1127.630005,0,0,0
2023-12-13 00:00:00+07:00,1114.199951,1114.199951,1114.199951,1114.199951,0,0,0
2023-12-14 00:00:00+07:00,1110.130005,1110.130005,1110.130005,1110.130005,0,0,0
2023-12-18 00:00:00+07:00,1091.880005,1091.880005,1091.880005,1091.880005,0,0,0
2023-12-21 00:00:00+07:00,1102.430054,1102.430054,1102.430054,1102.430054,0,0,0
2023-12-22 00:00:00+07:00,1103.060059,1103.060059,1103.060059,1103.060059,0,0,0
2023-12-26 00:00:00+07:00,1122.25,1122.25,1122.25,1122.25,0,0,0
2023-12-27 00:00:00+07:00,1121.98999,1121.98999,1121.98999,1121.98999,0,0,0
2023-12-28 00:00:00+07:00,1128.9300537109375,1128.9300537109375,1128.9300537109375,1128.9300537109375,0,0.0,0.0
2024-01-02 00:00:00+07:00,1131.719970703125,1131.719970703125,1131.719970703125,1131.719970703125,0,0.0,0.0
2024-01-03 00:00:00+07:00,1144.1700439453125,1144.1700439453125,1144.1700439453125,1144.1700439453125,0,0.0,0.0
2024-01-04 00:00:00+07:00,1150.719970703125,1150.719970703125,1150.719970703125,1150.719970703125,0,0.0,0.0
2024-01-05 00:00:00+07:00,1154.6800537109375,1154.6800537109375,1154.6800537109375,1154.6800537109375,0,0.0,0.0
2024-01-08 00:00:00+07:00,1160.18994140625,1160.18994140625,1160.18994140625,1160.18994140625,0,0.0,0.0
2024-01-09 00:00:00+07:00,1158.5899658203125,1158.5899658203125,1158.5899658203125,1158.5899658203125,0,0.0,0.0
2024-01-10 00:00:00+07:00,1161.5400390625,1161.5400390625,1161.5400390625,1161.5400390625,0,0.0,0.0
2024-01-11 00:00:00+07:00,1162.219970703125,1162.219970703125,1162.219970703125,1162.219970703125,0,0.0,0.0
2024-01-12 00:00:00+07:00,1154.699951171875,1154.699951171875,1154.699951171875,1154.699951171875,0,0.0,0.0
2024-01-16 00:00:00+07:00,1163.1199951171875,1163.1199951171875,1163.1199951171875,1163.1199951171875,0,0.0,0.0
2024-01-17 00:00:00+07:00,1162.530029296875,1162.530029296875,1162.530029296875,1162.530029296875,0,0.0,0.0
2024-01-18 00:00:00+07:00,1169.06005859375,1169.06005859375,1169.06005859375,1169.06005859375,0,0.0,0.0
2024-01-19 00:00:00+07:00,1181.5,1181.5,1181.5,1181.5,0,0.0,0.0
2024-01-22 00:00:00+07:00,1182.8599853515625,1182.8599853515625,1182.8599853515625,1182.8599853515625,0,0.0,0.0
2024-01-23 00:00:00+07:00,1177.5,1177.5,1177.5,1177.5,0,0.0,0.0
2024-01-24 00:00:00+07:00,1172.969970703125,1172.969970703125,1172.969970703125,1172.969970703125,0,0.0,0.0
2024-01-29 00:00:00+07:00,1175.68994140625,1175.68994140625,1175.68994140625,1175.68994140625,0,0.0,0.0
2024-01-30 00:00:00+07:00,1179.6500244140625,1179.6500244140625,1179.6500244140625,1179.6500244140625,0,0.0,0.0
2024-01-31 00:00:00+07:00,1164.31005859375,1164.31005859375,1164.31005859375,1164.31005859375,0,0.0,0.0
2024-02-01 00:00:00+07:00,1173.02001953125,1173.02001953125,1173.02001953125,1173.02001953125,0,0.0,0.0
2024-02-05 00:00:00+07:00,1186.06005859375,1186.06005859375,1186.06005859375,1186.06005859375,0,0.0,0.0
2024-02-06 00:00:00+07:00,1188.47998046875,1188.47998046875,1188.47998046875,1188.47998046875,0,0.0,0.0
2024-02-07 00:00:00+07:00,1198.530029296875,1198.530029296875,1198.530029296875,1198.530029296875,0,0.0,0.0
2024-02-15 00:00:00+07:00,1202.5,1202.5,1202.5,1202.5,0,0.0,0.0
2024-02-16 00:00:00+07:00,1209.699951171875,1209.699951171875,1209.699951171875,1209.699951171875,0,0.0,0.0
2024-02-20 00:00:00+07:00,1230.06005859375,1230.06005859375,1230.06005859375,1230.06005859375,0,0.0,0.0
2024-02-21 00:00:00+07:00,1230.0400390625,1230.0400390625,1230.0400390625,1230.0400390625,0,0.0,0.0
2024-02-22 00:00:00+07:00,1227.31005859375,1227.31005859375,1227.31005859375,1227.31005859375,0,0.0,0.0
2024-02-26 00:00:00+07:00,1224.1700439453125,1224.1700439453125,1224.1700439453125,1224.1700439453125,0,0.0,0.0
2024-02-27 00:00:00+07:00,1237.4599609375,1237.4599609375,1237.4599609375,1237.4599609375,0,0.0,0.0
2024-02-28 00:00:00+07:00,1254.550048828125,1254.550048828125,1254.550048828125,1254.550048828125,0,0.0,0.0
2024-02-29 00:00:00+07:00,1252.72998046875,1252.72998046875,1252.72998046875,1252.72998046875,0,0.0,0.0
